UniqueFireIdentifier,id,sum_rain,sum_snow
2020-NVECFX-010145,1,158.2,2.64
2020-AZCRD-002177,5,10.54,0.0
2020-NVCCD-030327,10,152.93,2.64
2021-CATNF-000111,12,284.77,7.83
2020-CAKNF-005480,15,395.5,4.62
2020-COSJF-001214,19,131.84,3.9600000000000004
2020-NMGNF-000530,20,131.82999999999998,0.0
2020-AZASF-000781,22,158.21,0.66
2020-AZA4S-001079,24,131.82999999999998,0.0
2020-UTSLD-000223,32,126.56,1.98
2020-CAPNF-001299,35,131.83,1.98
2020-AZPNF-001970,37,137.12,0.0
2020-NVHTF-030210,44,158.21,6.6000000000000005
2020-AZSCA-001392,53,184.57,0.0
2020-CAPNF-001311,54,253.12,4.62
2021-NMMEA-000038,58,57.989999999999995,1.4400000000000002
2020-WYKRD-200806,60,105.46,0.66
2020-CAPNF-001217,62,268.94,5.93
2020-AZPHD-000323,71,195.11,0.0
2020-AZSCA-000797,75,290.03999999999996,0.0
2020-UTNWS-001100,85,73.83,0.0
2020-ID1FN-000110,87,348.04,4.62
2020-NVEURX-010217,90,84.36999999999999,0.66
2020-UTSWS-000870,93,79.08999999999999,1.98
2020-UTUOA-100295,101,68.53999999999999,1.98
2020-AZPNF-001626,115,174.03000000000003,0.0
2020-NMSNF-000300,120,63.27999999999999,2.64
2020-AZA4S-001222,128,84.37,0.0
2020-CASHF-000545,132,421.87999999999994,7.92
2020-IDFHA-000164,134,274.22,0.66
2020-AZSCA-001914,138,142.38,0.0
2020-UTUOA-100270,141,68.53999999999999,2.64
2020-COWRD-000166,143,137.11,1.98
2020-UTRID-200157,145,168.74,0.66
2020-NVECFX-010139,154,137.09,0.0
2020-AZA5S-000524,155,263.65999999999997,0.66
2020-NVEKD-010235,157,168.74,1.98
2020-AZA3S-001757,166,58.00999999999999,0.0
2020-UTUWF-001158,178,79.1,0.66
2020-AZASF-000132,180,205.66,0.66
2020-AZSCA-002047,185,142.38,0.0
2020-NMFAD-000151,186,126.55999999999999,1.98
2020-NVHTF-030330,192,253.11999999999998,5.94
2020-OR982S-200349,195,163.47,2.64
2020-AZSCA-002952,196,31.63,0.0
2020-CALPF-003161,202,42.19,0.0
2020-UTCCD-000502,203,79.11,0.66
2020-AZA4S-001300,207,110.74,0.0
2020-UTVLD-100116,211,100.19,2.64
2020-AZPMA-000597,213,200.38,0.0
2020-AZTNF-001097,215,268.94,0.0
2020-CASHF-001144,233,174.02,1.98
2020-ORFWF-200395,246,158.20000000000002,1.98
2020-AZA1S-001979,248,131.82,0.0
2020-UTSLD-000772,254,100.18999999999998,0.66
2020-COGMF-000184,260,158.20999999999998,6.6
2020-AZSCA-002287,269,142.38,0.0
2020-AZA1S-000246,270,305.84999999999997,2.64
2020-AZA1S-000332,271,390.24,2.64
2020-CAPNF-000895,273,89.65,1.32
2020-NMSNF-000323,280,63.27999999999999,2.64
2020-COEAX-000474,286,131.82999999999998,3.3000000000000003
2020-CAMNF-000539,297,147.66,0.0
2020-AZSCA-001013,298,290.03999999999996,0.0
2020-AZCRD-001757,301,110.74,0.0
2020-UTSWS-000224,306,126.56,0.66
2020-AZFTA-000452,319,152.93,0.66
2020-NMNPA-000421,326,110.72999999999999,1.32
2020-AZPHD-001111,329,232.02999999999997,0.0
2020-CANOD-004682,335,131.83,1.98
2020-AZA3S-000379,342,195.12,0.0
2020-AZTNF-002548,390,163.48000000000002,0.0
2020-AZTNF-000554,394,268.94,0.0
2020-AZA4S-001100,396,116.00999999999999,0.0
2020-AZASD-000089,405,200.39,0.0
2020-NVCCD-030631,407,15.82,0.66
2020-AZSCA-002700,415,84.36999999999999,0.0
2020-AZTNF-001405,421,179.29000000000002,0.0
2020-CABDF-011349,422,147.64999999999998,0.0
2020-CASTF-002717,427,84.36999999999999,0.66
2020-IDTFD-000403,430,137.1,0.66
2020-COARF-000485,432,221.48000000000002,5.9399999999999995
2020-AZA3S-001790,436,105.46999999999998,0.0
2020-AZA3S-001906,448,58.00999999999999,0.0
2020-UTNWS-000216,458,168.74,0.66
2020-CAKNF-005725,460,395.5,4.62
2020-AZSCA-000504,461,290.03999999999996,0.0
2020-NVELD-040137,468,47.45,2.64
2020-AZCRA-001305,469,168.75,0.0
2020-COSJD-000416,485,152.92000000000002,9.24
2020-NVWID-020176,486,31.64,0.66
2020-AZA4S-000989,495,210.93,0.0
2020-AZPMA-001234,505,200.38,0.0
2020-AZFTA-000867,510,174.01000000000002,1.32
2020-AZTNF-002600,519,174.03000000000003,1.32
2021-AZSCA-000083,521,79.09,0.68
2020-AZCOF-000672,522,232.02999999999997,0.0
2020-UTSES-000039,527,94.92,1.32
2020-CACDD-012163,528,68.55,0.0
2020-UTSLD-000264,530,121.28999999999999,2.64
2020-COWRD-000169,535,84.37999999999998,1.98
2020-CAANF-003063,540,242.57000000000002,0.0
2020-CASHF-001111,550,363.85999999999996,2.64
2020-COWRD-000118,551,142.39000000000001,4.62
2020-AZGID-000751,554,116.00999999999999,0.0
2020-AZASF-000176,558,253.13000000000002,1.98
2020-AZA3S-000657,559,158.20000000000002,0.0
2020-NMSPA-000144,567,116.02,1.32
2020-AZA3S-000666,569,237.31,0.0
2020-AZCRD-001280,583,89.64,0.0
2020-CAPNF-002116,584,52.73,0.0
2020-CAMDF-000498,585,221.48000000000002,2.64
2020-NMLCD-000458,588,158.19,0.0
2020-AZCRA-001928,597,79.1,0.0
2020-AZTNF-001504,602,179.29000000000002,0.0
2020-ORBUD-002088,603,58.010000000000005,1.32
2020-UTUOA-100006,606,63.269999999999996,4.62
2020-UTNWS-000368,607,242.58,3.3000000000000003
2020-UTSCS-200193,609,79.1,2.64
2020-NMN3S-000073,618,131.84,0.0
2020-UTSLD-000371,621,242.58,3.3000000000000003
2020-AZGID-000636,624,110.75,0.0
2020-AZPHD-001509,625,174.03000000000003,0.0
2020-NMCIF-000279,626,89.66,1.98
2020-NMN1S-000164,631,94.92,0.66
2020-CASNF-001160,634,168.73999999999998,2.64
2020-COLPX-000084,662,195.12,11.219999999999999
2020-CAOVD-030860,676,63.28,1.32
2020-UTBRS-000346,680,205.66000000000003,2.64
2020-IDCAX-000398,685,131.82999999999998,0.0
2020-AZPHD-000400,691,268.94,0.0
2020-AZSCA-000763,698,290.03999999999996,0.0
2020-CALNP-004751,700,226.77,4.62
2020-UTMOD-000292,716,52.739999999999995,0.66
2020-CORTX-000390,731,137.1,5.28
2020-NMGNF-000374,737,168.75,0.0
2020-AZCOF-000942,741,205.66000000000003,0.0
2020-NMN1S-000387,750,105.46,1.98
2020-CATMU-025327,754,158.21,3.96
2020-AZSCA-002603,763,137.1,0.0
2020-COUPD-000100,772,110.72999999999999,2.64
2021-AZSCA-000244,778,68.53999999999999,0.68
2020-AZTNF-002583,785,163.47000000000003,0.0
2021-AZSCA-000275,797,68.53999999999999,0.68
2020-CASHF-000910,800,574.8,7.92
2020-UTCCD-000395,803,84.37,1.32
2020-IDCAX-000378,804,116.00999999999998,0.0
2020-UTSCS-200152,811,121.30000000000001,3.3000000000000003
2020-COMRX-000123,814,105.45999999999998,1.32
2020-AZFTA-000386,823,163.46,0.66
2020-COSJF-000401,825,152.92000000000002,9.24
2020-NVELD-040082,827,68.55,0.66
2020-NVCCD-030547,832,79.1,1.32
2020-NVHTF-030398,841,147.65,3.9600000000000004
2020-IDIFD-000317,846,200.39000000000004,0.66
2020-AZPMA-001293,854,189.85,0.0
2020-AZA4S-000288,856,332.21999999999997,0.66
2020-CANOD-003288,865,116.00999999999999,3.3
2020-AZTNF-003343,867,21.09,0.0
2020-AZTNF-002551,868,121.27999999999999,0.0
2020-AZTNF-000976,883,268.94,0.0
2020-AZSCA-003182,893,31.63,0.0
2020-CANOD-002372,901,110.72999999999999,3.96
2020-CASHF-001084,910,384.96000000000004,4.62
2020-UTSES-000428,911,47.459999999999994,1.32
2020-NMN1S-000145,922,126.55,3.9600000000000004
2020-CASHF-000699,937,564.26,6.6000000000000005
2020-AZPHD-001025,938,210.93,0.0
2020-AZFTA-000301,947,274.21,1.98
2020-UTCCD-000123,949,200.39,0.0
2020-AZSCA-003009,957,31.63,0.0
2020-NVSND-500351,963,147.66,0.0
2020-UTNES-100214,967,36.91,0.0
2020-NVHTF-040023,971,79.1,1.98
2020-AZSCA-000631,973,290.03999999999996,0.0
2020-NMN4S-000036,974,121.29,3.9600000000000004
2020-IDTFD-000198,979,189.84000000000003,1.32
2020-UTUWF-000985,982,121.28,2.64
2020-CASNF-000593,986,279.47999999999996,3.3
2020-AZCOF-001192,995,168.75,0.0
2020-AZTCA-000551,999,84.38,0.66
2021-CAENF-001910,1015,258.39,5.720000000000001
2020-NVLANX-010171,1019,68.56,0.66
2020-CAKNP-000052,1025,216.2,9.9
2020-ORBUD-002108,1031,89.65,1.32
2020-UTRID-200422,1033,63.28,2.64
2020-COJEX-001299,1039,205.64999999999998,5.94
2020-COGMF-000268,1049,110.74000000000001,1.32
2020-AZASD-000845,1053,79.1,0.0
2020-CABDF-020795,1057,42.19,0.0
2020-UTCCD-000250,1061,94.92,1.98
2020-UTSLD-000296,1074,242.58,3.3000000000000003
2020-COUPD-000046,1086,137.1,1.32
2020-NMCAF-000508,1089,84.36999999999999,1.32
2020-IDBOD-000741,1096,152.93,0.66
2020-AZCRD-002151,1109,10.55,0.0
2020-AZA4S-000359,1122,316.4,0.0
2020-NMN5S-000048,1131,179.27999999999997,1.32
2020-NMN6S-000160,1137,100.2,3.3000000000000003
2020-UTMLF-000113,1139,110.72999999999999,2.64
2020-WYSWX-200643,1141,42.17999999999999,1.98
2020-AZFTA-000697,1144,163.48,0.0
2020-UTNES-200498,1148,205.65,9.9
2020-AZCOF-001254,1149,168.75,0.0
2020-AZA5S-001817,1158,110.74,0.0
2020-AZCRA-000304,1164,216.21,0.0
2020-AZSCA-000927,1166,290.03999999999996,0.0
2020-UTFIF-200616,1175,73.83,0.66
2020-AZSCA-002823,1184,84.36999999999999,0.0
2020-COARF-000164,1185,253.11,12.540000000000001
2020-NVELD-040076,1196,79.1,0.0
2020-AZASD-000595,1204,89.64999999999999,2.64
2020-NMCAF-000631,1205,110.74000000000001,1.98
2020-AZSCA-001308,1206,290.03999999999996,0.0
2020-UTBRS-000458,1208,184.57,1.98
2020-UTSWS-000793,1212,79.1,0.0
2020-NMFAD-000326,1217,100.19,0.66
2020-UTMOD-000423,1231,63.279999999999994,0.0
2020-NVTMFX-030475,1237,147.65,3.9600000000000004
2020-COSLX-000141,1247,158.20999999999998,6.6
2020-AZA3S-000176,1257,221.48000000000002,0.0
2020-COSUA-000825,1261,116.02000000000001,2.64
2020-UTSPA-000388,1265,79.11,0.66
2020-UTMLF-000230,1271,63.28,0.66
2020-UTSLD-000925,1277,100.19999999999999,0.66
2020-AZASD-000155,1280,200.39,0.0
2020-UTNWS-000341,1290,242.58,3.3000000000000003
2020-AZA4S-000655,1298,316.4,0.0
2020-AZKNF-000135,1307,390.24,2.64
2020-UTNWS-000666,1315,137.10999999999999,1.32
2020-AZA4S-000401,1317,268.94,0.0
2020-NMGNF-000629,1320,110.73999999999998,0.0
2020-UTUWF-000738,1327,152.92,5.9399999999999995
2020-CACDD-014150,1331,137.11,0.0
2020-CABRR-003298,1351,10.54,0.0
2021-CAENF-001885,1357,290.04,7.51
2020-AZTNF-003265,1360,47.459999999999994,0.0
2020-AZASD-000963,1363,10.54,0.0
2020-CASTF-002877,1377,105.47,2.64
2020-NMVCP-000521,1381,79.1,1.32
2020-CALPF-001329,1389,258.40999999999997,0.0
2020-CORBX-000013,1391,189.85000000000002,4.62
2020-COARF-001048,1394,158.20000000000002,5.28
2020-AZGID-000819,1404,105.46999999999998,0.0
2020-AZGID-000598,1405,126.56,0.0
2020-UTSLD-000375,1410,121.28999999999999,2.64
2020-CAPNF-001302,1414,253.12,4.62
2020-UTNWS-001080,1420,63.28,0.0
2020-AZASF-000779,1429,158.21,0.66
2020-AZSCA-002555,1434,137.1,0.0
2020-AZSCA-000600,1435,290.03999999999996,0.0
2020-AZPHD-000674,1437,253.13,0.0
2020-ID1BN-000331,1445,268.94,1.98
2020-COMFX-000237,1451,68.55,1.98
2020-IDTFD-000269,1456,126.55999999999999,1.32
2020-COGMF-000214,1457,121.28999999999998,1.98
2020-NVECFX-010227,1468,216.22,2.64
2020-AZCOF-001860,1472,52.72,0.0
2020-AZSCA-001106,1473,290.03999999999996,0.0
2020-UTRID-200114,1478,105.47,3.9600000000000004
2020-AZA3S-001351,1488,126.56,0.0
2020-AZPHD-001772,1491,163.47,0.0
2020-AZCOF-001277,1496,174.03000000000003,0.0
2021-UTDIF-000077,1504,42.18,0.51
2020-WYRSD-200624,1508,63.28,3.9600000000000004
2020-NMCAF-000173,1510,110.74000000000001,3.9600000000000004
2020-UTSWS-000307,1516,126.56,0.0
2020-NVHTF-500917,1518,68.56,0.0
2020-CAENF-027219,1527,279.49,4.62
2020-AZCNF-000539,1529,110.74,0.0
2020-CASTF-001740,1548,232.03,6.6
2020-AZKNF-001087,1551,15.82,0.0
2020-NMLNF-000485,1552,131.82999999999998,0.66
2020-CABDF-008797,1566,195.12,0.0
2020-CORBX-000272,1575,116.00999999999999,1.32
2020-CORBX-000017,1584,105.47,3.3000000000000003
2020-UTSLD-000222,1589,184.54999999999998,1.32
2020-AZA3S-002289,1594,5.27,0.0
2021-CAANF-000137,1596,89.65,0.02
2020-UTBRS-000699,1604,100.18999999999998,0.66
2020-UTBRS-000190,1605,253.10999999999999,5.94
2020-CAPNF-001064,1613,226.76,1.98
2020-AZTNF-002044,1620,158.20000000000002,0.0
2020-UTBRS-000713,1631,295.31,2.64
2020-CANOD-003964,1636,68.55999999999999,1.98
2020-COPSF-000262,1655,126.57000000000001,4.62
2020-UTSWS-000730,1670,100.17999999999999,3.9600000000000004
2020-CASRF-001224,1672,300.6,0.0
2020-NVSND-501554,1674,89.65,0.0
2020-UTUOA-100238,1677,137.10999999999999,4.62
2021-AZTNF-000094,1682,63.28,0.3
2020-AZSCA-001176,1686,290.03999999999996,0.0
2020-NMMEA-000198,1692,94.91,0.66
2020-ID1BN-000259,1699,332.21999999999997,1.98
2020-UTUWF-000081,1713,221.48999999999998,6.6
2020-NMN1S-000057,1720,126.55,2.64
2020-NMGNF-000496,1729,168.74,1.32
2020-AZTNF-002028,1736,142.38,0.0
2020-NMN5S-000081,1739,173.99999999999997,1.32
2020-NMN3S-000056,1740,189.85,0.66
2020-NVEURX-020049,1750,115.99999999999999,2.64
2020-AZA4S-000856,1751,168.74,0.0
2020-NVELD-040068,1775,42.17999999999999,1.32
2020-COSUA-000845,1777,89.63999999999999,0.0
2020-AZA4S-001066,1779,210.93,0.0
2020-COWRD-000172,1780,84.37999999999998,1.98
2021-AZSCA-000033,1789,79.09,0.68
2020-AZASF-000495,1792,232.03,1.98
2020-AZKNF-000812,1804,105.46,1.32
2020-AZPHD-001646,1807,163.47000000000003,0.0
2020-AZCNF-000235,1808,200.39000000000001,0.0
2020-AZSCA-001147,1815,290.03999999999996,0.0
2020-NMLCD-000234,1818,63.269999999999996,0.0
2020-CALPF-001155,1822,353.32000000000005,0.0
2020-AZCOF-000167,1829,210.94000000000003,0.0
2020-NVHTF-030684,1831,116.02,3.3000000000000003
2020-CACDD-008157,1839,116.02,0.0
2020-AZPMA-000436,1840,189.85,0.0
2020-AZA4S-002291,1843,21.09,0.0
2020-CANOD-003304,1850,110.74999999999999,3.3
2020-UTSWS-000807,1858,79.1,0.0
2020-UTCCD-000452,1864,89.65,0.0
2020-AZA3S-000368,1868,158.20000000000002,0.0
2020-UTNWS-000938,1871,89.63999999999999,0.0
2020-NMCIF-000327,1875,89.64999999999999,1.98
2020-COMFX-000143,1878,300.56999999999994,5.28
2020-UTCCD-000912,1903,21.1,0.0
2020-NMGNF-000296,1912,79.1,0.0
2020-UTSCS-200486,1914,63.28,1.98
2020-AZA3S-001474,1929,121.28,0.0
2020-NMN1S-000622,1932,105.45999999999998,1.98
2020-AZSCA-002483,1933,105.46999999999998,0.0
2020-UTNWS-000451,1937,152.91,1.32
2020-AZA4S-001650,1945,137.1,0.0
2020-CABDF-019155,1948,5.27,0.0
2020-NVEKD-010185,1952,89.63,0.0
2020-UTMLF-000218,1954,63.28999999999999,0.66
2020-AZA3S-000525,1972,242.58,0.0
2020-AZSRA-001661,1983,168.74,0.0
2020-UTSCS-200554,1986,105.46,0.0
2020-NMN5S-000045,1988,205.64,1.32
2020-NMCIF-000408,2002,84.38,1.98
2020-NMCIF-000361,2004,73.83,1.32
2020-UTMOD-000041,2008,84.38000000000001,3.3
2020-UTNWS-000903,2011,100.19999999999999,0.66
2020-AZA3S-000310,2012,237.31,0.0
2020-CAENF-032344,2019,131.82999999999998,0.66
2020-COGWD-000322,2020,158.20000000000002,3.96
2020-UTCCD-000093,2021,205.66,9.9
2020-UTNWS-000455,2026,184.57000000000002,2.64
2020-UTNWS-000463,2027,126.55,0.66
2020-UTCCD-000429,2029,89.64,1.98
2020-CASLU-009866,2032,147.65,0.0
2020-WYMRF-000353,2037,137.1,5.28
2020-AZPMA-002711,2041,73.83,0.0
2020-AZCOF-001293,2043,105.46,1.32
2020-NVCCD-030483,2044,147.65,3.9600000000000004
2020-UTMOD-000211,2050,63.279999999999994,0.0
2020-ORFWF-200406,2051,158.20000000000002,1.98
2020-AZASD-000727,2054,89.64999999999999,0.0
2020-AZASD-000538,2065,89.64999999999999,0.0
2020-AZSCA-000641,2077,290.03999999999996,0.0
2020-AZA4S-000573,2078,200.38,0.0
2020-AZTNF-001830,2086,168.75000000000003,1.32
2020-CALPF-001476,2092,316.41,0.0
2020-NVELD-040114,2093,73.82,0.66
2020-IDIFD-000161,2094,158.2,0.66
2020-UTNWS-000522,2097,184.57,4.62
2020-NVMFRX-501822,2106,0.0,0.0
2020-AZPNF-001773,2107,174.03000000000003,0.0
2020-AZTNF-001233,2121,332.21999999999997,0.66
2020-NVCCD-030406,2136,68.55,0.66
2020-NVDSR-500835,2142,73.83,0.0
2020-NVCCD-030331,2148,152.93,2.64
2020-UTSES-000167,2150,63.279999999999994,0.0
2021-AZPNF-000047,2153,110.74,0.55
2020-UTSCS-200539,2154,79.11,1.98
2020-AZTNF-002638,2176,163.48000000000002,0.0
2020-WYMRF-000408,2177,158.19,4.62
2020-CAINF-002140,2179,116.02,1.98
2020-CABDF-009765,2188,137.11,0.0
2021-UTBRS-000044,2196,116.02000000000001,3.37
2020-UTSWS-000753,2207,100.18999999999998,0.0
2020-NVSND-501550,2214,52.73,0.0
2020-AZPHD-001638,2227,163.47000000000003,0.0
2020-NMSNF-000455,2230,100.18999999999998,1.32
2020-NVELD-040058,2232,58.0,3.3000000000000003
2020-AZA3S-000323,2242,158.20000000000002,0.0
2020-AZPMA-000952,2243,189.85,0.0
2020-AZTNF-001778,2247,221.48,0.0
2020-CALNF-004290,2251,226.77,4.62
2020-UTDIF-000697,2253,94.91,1.98
2020-NVTMFX-030352,2258,253.11999999999998,5.94
2020-UTUWF-000650,2261,189.83,1.98
2020-AZA4S-001011,2264,189.84,0.0
2020-NMN1S-000035,2265,126.56,1.32
2020-IDBOD-000489,2266,216.21,1.32
2020-AZSCA-002951,2270,31.63,0.0
2020-COWRF-000044,2274,237.31,7.920000000000001
2020-COKRD-000211,2277,268.92999999999995,8.58
2020-UTSWS-000431,2281,94.91999999999999,0.0
2020-AZPPA-000465,2282,121.28,0.0
2020-AZPMA-000643,2289,189.85,0.0
2020-NVELD-040196,2295,26.36,0.66
2020-NVCCD-030866,2296,21.09,0.0
2020-AZSCA-002673,2298,105.46999999999998,0.0
2020-NMN3S-000585,2305,110.74,0.0
2020-AZFTA-000897,2319,174.01000000000002,1.32
2020-AZA5S-001807,2337,163.47,0.0
2020-COMNX-000698,2338,100.17999999999999,1.32
2020-AZCOF-001410,2339,174.03000000000003,1.32
2020-UTNWS-000285,2341,184.54999999999998,1.32
2020-NVLINX-040081,2351,68.56,1.32
2020-UTRID-200272,2367,63.28,2.64
2020-AZSCA-002036,2370,147.64,0.0
2020-AZSCA-002640,2372,137.1,0.0
2020-IDTFD-000235,2374,147.65,0.66
2020-AZSCA-002503,2381,137.1,0.0
2020-NVCCD-030496,2385,147.65,3.9600000000000004
2020-AZPNF-001532,2392,174.03000000000003,0.0
2020-CASTF-001664,2394,200.39,6.59
2020-UTBRS-000199,2398,221.48000000000002,1.98
2020-COARF-000253,2400,263.66,11.22
2020-AZSCA-002419,2402,137.1,0.0
2020-NMSNF-000544,2408,79.1,1.32
2020-NVELD-040100,2421,42.17999999999999,1.32
2020-AZPMA-000387,2425,189.85,0.0
2020-AZPNF-001758,2430,174.03000000000003,0.0
2020-AZCOF-001483,2437,158.19000000000003,0.66
2020-COSJD-000542,2439,110.72999999999999,3.3000000000000003
2020-CANOD-003966,2444,163.47,2.64
2020-NMNPA-000543,2462,94.90999999999998,0.66
2020-UTBRS-000472,2470,221.47,4.62
2020-CAMDF-000334,2475,406.06,7.26
2020-CALMU-003874,2480,163.47,2.64
2020-CAPNF-001331,2486,216.21000000000004,3.96
2020-AZA5S-000300,2493,284.76,0.0
2020-AZGLP-000065,2502,89.64,1.32
2020-CABDF-007835,2506,242.58,0.0
2020-UTNWS-000415,2513,184.57000000000002,2.64
2020-AZPHD-001136,2518,168.75,0.0
2020-WYRAD-200527,2528,89.64999999999999,3.3
2020-NVHTF-030209,2539,158.21,6.6000000000000005
2020-AZA3S-000539,2546,195.10999999999999,0.0
2020-AZTNF-001256,2550,268.94,0.0
2020-UTMOD-000212,2560,63.28999999999999,0.66
2020-AZPMA-001146,2563,200.38,0.0
2020-AZSCA-002332,2570,137.1,0.0
2020-AZSCA-002197,2576,142.38,0.0
2020-NMCIF-000303,2588,158.2,0.0
2021-AZSCA-000046,2595,79.09,0.68
2020-WYSWX-200271,2601,47.459999999999994,2.64
2020-UTSCS-200117,2604,79.1,2.64
2020-AZPNF-001279,2611,168.75,0.0
2020-AZCOF-001251,2612,205.66000000000003,0.0
2020-AZA4S-001132,2626,105.46,0.0
2020-COGRD-000260,2627,89.64,1.32
2020-AZA3S-001243,2628,73.82,0.0
2021-AZSCA-000298,2632,68.53999999999999,0.68
2020-AZGID-000435,2639,131.82999999999998,0.0
2020-AZPNF-001665,2642,174.03000000000003,0.0
2020-UTHIAQ-000552,2646,84.36999999999999,1.32
2020-COGRD-000230,2657,94.90999999999998,0.66
2020-CATNF-000141,2674,379.68,7.92
2020-AZPHD-001780,2679,174.03000000000003,0.0
2020-AZCNF-000990,2682,26.37,0.0
2020-COSJF-000436,2686,142.39000000000001,7.92
2020-AZCOF-002033,2688,26.37,0.0
2020-AZCNF-000627,2690,110.74,0.0
2020-UTSLD-000516,2700,348.04,4.62
2020-AZA5S-000606,2703,263.65999999999997,0.66
2020-AZPHD-000756,2705,316.4,0.0
2020-AZCNF-000878,2709,63.28,0.0
2020-UTSWS-000237,2715,126.56,0.66
2020-CACDD-020390,2730,0.0,0.0
2020-AZPNF-002418,2735,42.17999999999999,0.0
2020-AZTNF-002852,2753,110.74,0.0
2020-CASHF-001270,2757,216.2,1.32
2021-AZSCA-000095,2759,79.09,0.68
2020-UTCCD-000741,2762,94.92,0.0
2020-COSJF-001022,2772,105.47,1.98
2020-AZA5S-001636,2773,147.65,0.0
2020-CALNU-013407,2776,105.47,0.0
2020-CASTF-000005,2783,184.57,2.64
2020-NVCLRX-501582,2790,79.1,0.0
2020-AZFTA-000680,2796,158.19,0.66
2020-AZKNF-000535,2807,84.38,0.66
2020-AZSCA-001550,2815,184.57,0.0
2020-AZA1S-001211,2854,147.64,0.0
2020-CAOVD-001190,2856,168.76000000000002,2.64
2020-OR982S-200382,2857,131.83,0.66
2020-CAPNF-001618,2860,216.21000000000004,3.96
2020-UTSLD-000177,2861,179.3,3.3000000000000003
2020-UTBRS-000624,2868,205.67000000000002,1.32
2020-NMGNF-000422,2875,158.2,0.0
2020-AZA3S-000777,2891,116.00999999999999,0.0
2020-AZKNF-000359,2892,116.02,1.32
2020-COLSD-000239,2898,47.459999999999994,1.98
2020-AZSCA-002480,2899,137.1,0.0
2020-UTRID-200216,2903,58.010000000000005,0.66
2020-NMGNF-000281,2905,116.00999999999999,1.98
2020-AZTNF-000786,2910,316.4,0.0
2020-AZTNF-000923,2911,332.21999999999997,0.66
2020-AZTNF-000431,2912,268.94,0.0
2020-UTNWS-000934,2913,110.74000000000001,0.66
2020-AZASF-000383,2915,152.93,0.66
2020-CABDF-012355,2916,110.74,0.0
2020-UTUOA-100404,2924,68.53999999999999,2.64
2020-AZTNF-002514,2928,121.27999999999999,0.0
2020-NVDSR-500870,2931,68.55,0.0
2020-AZASF-001071,2935,52.72999999999999,0.0
2020-AZSCA-002869,2948,84.36999999999999,0.0
2020-NMN3S-000349,2952,105.46,0.0
2020-NVTMFX-030492,2954,147.65,3.9600000000000004
2020-CACDD-011339,2963,73.82,0.0
2020-UTNES-200843,2965,152.93,5.28
2020-UTBRS-000201,2966,147.64000000000001,1.98
2020-CAMDF-000500,2967,221.48000000000002,2.64
2020-AZPMA-000954,2969,189.85,0.0
2021-NMSPA-000045,2976,57.999999999999986,1.9
2021-NMN6S-000062,2987,57.999999999999986,2.57
2020-NMMEA-000569,2993,79.1,0.0
2020-AZCOF-000437,2994,348.05,0.66
2020-CORTX-000020,3002,400.77000000000004,7.92
2021-NMNPA-000038,3009,137.10999999999999,6.15
2020-NMLCD-000183,3022,131.82999999999998,0.0
2020-AZSCA-001222,3031,290.03999999999996,0.0
2020-AZA4S-000289,3044,247.84,0.0
2020-AZSCA-001137,3047,290.03999999999996,0.0
2020-COMNX-001296,3055,116.0,1.32
2020-AZSCA-001219,3059,290.03999999999996,0.0
2020-NMGNF-000283,3060,116.00999999999999,1.98
2020-WYMRF-000345,3071,68.56,0.66
2021-AZCRA-000105,3080,15.82,0.0
2020-WYSWX-200159,3088,52.74,3.3000000000000003
2020-AZA3S-001870,3093,105.46999999999998,0.0
2020-AZHVR-001118,3099,89.64,0.0
2020-CASRF-000643,3102,453.51,1.32
2020-AZGID-000822,3105,105.46999999999998,0.0
2020-AZA4S-000503,3112,247.84,0.0
2020-UTCCD-000722,3115,89.64,1.32
2020-IDEIS-000173,3116,189.84000000000003,1.32
2020-UTSWS-000365,3122,68.56,1.32
2020-UTSWS-000867,3129,68.55,0.66
2020-COLSD-000332,3140,63.28,1.32
2020-NMLCD-000184,3142,131.82999999999998,0.0
2020-CAPNF-001284,3146,226.76,1.98
2020-CASHF-001437,3147,247.85000000000002,1.98
2020-NMN1S-000104,3151,158.2,6.6000000000000005
2020-UTSWS-000614,3152,89.65,0.0
2020-AZASF-000387,3153,152.93,0.66
2020-CABDU-012925,3154,137.11,0.0
2020-AZTNF-001542,3171,179.29000000000002,0.0
2020-AZTNF-002475,3175,163.48000000000002,0.0
2020-AZTNF-000411,3182,268.94,0.0
2020-AZSCA-002532,3189,137.1,0.0
2020-AZSCA-001720,3201,137.1,0.0
2020-CATCU-009457,3202,232.03,6.6
2020-NVBMD-020183,3219,58.0,1.98
2020-AZTNF-001306,3220,268.94,0.0
2021-UTSWS-000027,3227,26.36,0.04
2020-NMLNF-000408,3230,137.10999999999999,0.66
2020-UTMLF-000265,3245,79.1,0.66
2020-CORGD-000376,3249,184.57000000000002,7.92
2020-AZASD-000832,3253,79.1,0.0
2020-UTBRS-000774,3258,158.2,0.66
2020-NMGNF-000562,3260,137.1,0.0
2020-CAMDF-000513,3265,216.2,5.28
2020-AZHVR-000178,3267,158.19,0.0
2020-AZCRD-000105,3282,84.38,0.0
2020-AZA4S-000704,3283,137.1,0.0
2020-UTSCS-200455,3284,63.28,0.66
2020-AZSCA-003214,3299,31.63,0.0
2021-AZPNF-000017,3308,110.74,0.55
2021-NVCLRX-500167,3317,5.27,0.0
2020-CALPF-000498,3319,274.22,0.0
2020-AZSCA-002063,3330,142.38,0.0
2020-NMVCP-000520,3334,79.1,1.32
2020-AZA4S-001670,3338,89.64999999999999,0.0
2020-UTUWF-000615,3341,205.65,9.9
2020-AZTNF-002217,3348,158.19000000000003,0.0
2020-CORGF-001331,3349,73.83,1.98
2020-CAPNF-000976,3359,89.65,1.32
2020-AZGID-000583,3362,126.56,0.0
2020-AZSCA-000664,3364,290.03999999999996,0.0
2020-NVSND-501719,3367,0.0,0.0
2020-AZPHD-001550,3373,163.47000000000003,0.0
2020-AZA3S-001075,3376,116.02,0.0
2020-COGFX-000164,3387,110.73999999999998,1.98
2020-AZA3S-000962,3388,116.00999999999999,0.0
2020-COGMF-000044,3390,110.74000000000001,5.28
2020-AZA4S-000532,3393,200.38,0.0
2020-UTBRS-000732,3394,295.31,2.64
2020-NMSCD-000194,3402,58.0,0.0
2020-AZASF-000563,3406,163.48,0.0
2020-AZCNF-000705,3418,131.82999999999998,0.0
2020-UTDIF-000532,3424,94.91,4.62
2020-COGRD-000278,3438,105.45999999999998,1.32
2020-AZSRA-001362,3451,168.74,0.0
2020-COARF-000641,3452,226.74,7.26
2020-NMN6S-000118,3461,94.92,2.64
2021-NMN6S-000039,3463,68.54999999999998,2.0500000000000003
2020-AZTNF-002398,3465,137.1,0.0
2020-CANOD-004098,3474,163.47,2.64
2020-AZA5S-001019,3476,189.84,0.0
2021-AZCNF-000088,3479,73.83,0.13
2020-COLRX-000177,3485,263.66,11.22
2020-UTNWS-001071,3493,63.28,0.0
2020-UTNES-100240,3495,68.53999999999999,2.64
2020-UTASF-100234,3501,411.33,0.0
2020-NMCAF-000159,3510,105.45999999999998,3.3000000000000003
2020-AZSCA-000731,3512,290.03999999999996,0.0
2020-UTDIF-000480,3519,89.64999999999999,2.64
2020-COCJX-000347,3520,121.28999999999999,6.6
2020-AZTNF-002174,3521,158.20000000000002,0.0
2020-UTRID-200342,3528,36.9,0.66
2020-AZPHD-001960,3534,73.83,0.0
2020-AZCPR-000451,3540,89.64,0.0
2020-AZCNF-000984,3547,26.37,0.0
2020-AZA5S-001861,3550,147.65,0.0
2020-UTUOA-100008,3555,79.10000000000001,2.64
2020-UTNWS-000189,3557,184.54999999999998,1.32
2020-COARF-000636,3563,232.02000000000004,8.58
2020-UTNWS-000215,3571,57.999999999999986,1.98
2020-AZTNF-002509,3583,121.27999999999999,0.0
2020-CABDF-010235,3586,110.74,0.0
2020-UTNWS-000353,3591,168.74,0.66
2020-AZPNF-001756,3601,174.03000000000003,0.0
2020-AZCOF-000786,3603,263.66999999999996,0.66
2020-AZTNF-001337,3606,184.57,0.0
2020-UTBRS-000430,3607,348.04,4.62
2020-AZPMA-001317,3609,200.38,0.0
2020-CACDD-010135,3617,163.48000000000002,0.0
2020-CAPNF-001294,3620,216.21000000000004,3.96
2020-UTSWS-000884,3623,26.36,0.0
2020-CARRU-096640,3640,137.11,0.0
2020-CABDF-018730,3641,10.55,0.0
2021-AZSCA-000217,3644,68.53999999999999,0.68
2020-AZSCA-002362,3656,137.1,0.0
2020-AZSCA-000935,3661,290.03999999999996,0.0
2020-UTSWS-000882,3673,47.45,0.66
2020-WYLIX-200368,3675,216.22000000000003,3.96
2020-CODLX-000433,3679,110.72999999999999,3.3000000000000003
2020-COGSP-001561,3684,68.55,1.32
2020-NVEKD-010050,3689,174.01000000000002,0.66
2020-COWRD-000165,3691,137.11,1.98
2020-NVHTF-500732,3694,94.92,0.0
2020-UTSLD-000768,3715,158.2,0.66
2020-AZPHD-001172,3719,158.19000000000003,0.0
2020-NMN1S-000372,3721,116.02000000000001,2.64
2020-AZCRD-001446,3723,89.64999999999999,0.0
2020-NMZUA-000235,3726,89.64000000000001,2.64
2020-AZGID-001031,3733,15.82,0.0
2020-WYMRF-000310,3738,200.39000000000004,8.58
2020-AZBAR-000514,3753,137.1,0.0
2020-ORLAD-200334,3754,105.47,1.32
2020-WYRSD-200209,3755,52.730000000000004,3.9600000000000004
2020-UTBRS-000573,3758,189.84,1.32
2020-NVCCD-030662,3759,68.55,0.66
2020-UTBRS-000528,3772,158.20000000000002,2.64
2020-UTNES-200119,3775,247.83999999999997,14.52
2020-AZA3S-000744,3784,147.66,0.0
2020-ORBUD-002104,3789,58.010000000000005,1.32
2020-UTFIF-200266,3791,79.1,3.3000000000000003
2021-AZSCA-000041,3802,79.09,0.68
2020-AZA4S-000840,3807,184.57,0.0
2020-ORFWF-200398,3816,158.20000000000002,1.98
2020-ORFWF-200111,3820,406.05999999999995,7.26
2020-NVCCD-030548,3824,79.1,1.32
2020-NVELD-040099,3826,47.45,0.66
2020-AZTNF-003131,3832,36.91,0.0
2020-WYCAX-200560,3853,168.73,4.62
2020-AZFTA-001025,3859,52.719999999999985,0.0
2020-NMN3S-000151,3873,131.82999999999998,0.66
2020-NMFAD-000531,3875,94.91999999999999,0.66
2020-AZASF-001013,3876,79.09,0.0
2020-UTVLD-100467,3882,52.72999999999999,0.66
2020-AZSAP-000760,3900,105.47000000000001,0.0
2020-CAINF-001038,3901,263.66999999999996,7.92
2021-NMSPA-000047,3903,84.36999999999999,2.62
2020-AZCRD-000726,3906,126.55999999999999,0.0
2020-NMN3S-000595,3925,131.82999999999998,0.0
2020-UTSLD-000203,3942,147.64000000000001,1.98
2020-AZA3S-001301,3943,110.75,0.0
2020-NVELD-040052,3944,73.83,1.98
2020-AZTNF-001669,3947,210.93,0.0
2020-AZPMA-000585,3948,247.84,0.0
2020-NVEKD-010197,3950,105.47000000000001,1.32
2020-CAOVD-001146,3959,305.86,10.56
2020-NVCCD-030100,3969,58.019999999999996,1.98
2020-NMCIF-000238,3972,73.82000000000001,0.0
2020-AZPMA-003164,3977,15.82,0.0
2020-UTSLD-000939,3982,110.74000000000001,0.66
2020-CANOD-003353,3987,116.00999999999999,3.3
2020-WYCAX-200798,3990,116.01999999999998,2.64
2020-UTASF-100354,3993,121.28999999999999,3.3000000000000003
2020-NMLNF-000459,3994,110.74000000000001,0.66
2020-CASTF-000970,4023,400.78,1.32
2020-NVECFX-010196,4025,89.63,0.0
2020-NVHTF-500736,4026,94.92,0.0
2020-NVHTF-501223,4027,68.55,0.0
2021-CACDD-003667,4028,31.64,0.02
2020-UTRID-200224,4029,121.30000000000001,3.3000000000000003
2020-AZSCA-003205,4030,31.63,0.0
2020-UTFIF-200617,4033,36.91,0.66
2020-AZFTA-000899,4039,147.65,0.66
2020-CATNF-001600,4044,126.56,3.3000000000000003
2020-AZPHD-001272,4045,158.19000000000003,0.0
2020-UTBRS-000759,4048,205.67000000000002,1.32
2020-COGMF-000282,4049,131.83,2.64
2020-NVECFX-010166,4070,195.11,1.32
2020-AZSCA-002639,4073,137.1,0.0
2020-NMSNF-000636,4077,94.91,1.32
2020-UTSWS-000159,4081,158.2,2.64
2020-UTSCS-200122,4082,52.730000000000004,2.64
2020-NMN6S-000035,4085,137.10999999999999,1.32
2020-AZSCA-002506,4088,137.1,0.0
2020-CAPNF-001323,4091,253.12,4.62
2020-AZFTA-000968,4097,105.46,0.0
2020-UTBRS-000901,4101,200.40000000000003,0.66
2020-AZPNF-002178,4107,42.19,0.0
2020-ORLAD-200316,4112,100.19,1.98
2020-UTUWF-000982,4119,110.74000000000001,0.66
2020-AZTCA-000615,4125,89.64999999999999,0.0
2020-UTSCS-200257,4128,89.65,3.3000000000000003
2020-UTSLD-000406,4132,184.57000000000002,2.64
2020-AZCOF-001034,4136,205.66000000000003,0.0
2020-NVSND-500971,4146,63.28,0.0
2020-AZFTA-000886,4154,174.01000000000002,1.32
2020-AZA4S-000707,4157,179.29000000000002,0.0
2020-WYMRF-200218,4161,210.93,7.260000000000001
2020-AZASF-000833,4168,158.21,0.66
2020-UTSCS-200166,4169,79.1,2.64
2020-NMN6S-000252,4178,89.64999999999999,2.64
2020-AZKNF-001159,4182,26.36,0.0
2020-NVHTF-030282,4184,158.21,5.28
2021-CACDD-004735,4186,52.72999999999999,1.28
2020-NVHTF-040189,4197,42.17999999999999,0.66
2020-UTSCS-200382,4203,79.1,1.32
2020-NMSNF-000456,4207,116.00999999999999,1.98
2020-AZSCA-002341,4217,137.1,0.0
2020-AZASD-000738,4220,100.18999999999998,0.0
2020-CACDD-011033,4221,137.11,0.0
2020-AZA4S-000590,4226,200.38,0.0
2020-NVELD-040057,4228,94.92,0.66
2020-COMEX-000429,4246,121.28999999999999,0.66
2020-AZTNF-002208,4265,121.28,0.0
2020-NVELD-040049,4271,89.64999999999999,0.0
2020-AZSCA-001828,4291,142.38,0.0
2020-AZASD-000137,4296,200.39,0.0
2020-UTNWS-000271,4301,242.58,3.3000000000000003
2020-AZA4S-000709,4313,189.84,0.0
2020-UTSWS-000366,4323,89.64999999999999,2.64
2020-UTFIF-200668,4326,63.28,0.0
2020-AZSCA-000861,4333,290.03999999999996,0.0
2020-UTUWF-001038,4345,84.36999999999999,1.32
2020-AZKNF-000682,4346,79.10999999999999,0.0
2020-NVCCD-030660,4352,116.02,3.3000000000000003
2020-AZTNF-002316,4354,158.20000000000002,0.0
2020-UTSLD-000279,4362,242.58,3.3000000000000003
2020-NMSNF-000553,4363,84.36999999999999,0.66
2020-NMNPA-000021,4370,142.37,2.64
2020-CACNP-001216,4372,384.97,0.0
2020-CAMNF-000144,4379,363.87,3.3
2020-NVECFX-010112,4384,42.18,0.66
2020-AZCRD-000184,4385,158.19,0.0
2020-UTNES-100301,4388,73.83,1.98
2020-AZSCA-002890,4391,84.36999999999999,0.0
2020-AZGID-000315,4393,216.20999999999998,0.0
2020-AZSCA-001796,4398,184.57,0.0
2020-AZSRA-003017,4400,10.55,0.0
2020-UTSCS-200570,4404,89.64,1.98
2020-AZSRA-002723,4409,73.83,0.0
2020-AZA5S-002482,4414,42.17999999999999,0.0
2020-AZPHD-000487,4433,284.76,0.0
2020-AZSCA-001744,4444,147.66,0.0
2020-AZSCA-002447,4449,110.74,0.0
2020-NVHTF-040019,4454,79.1,1.98
2020-NMN5S-000161,4479,137.09,1.32
2020-CASHF-001170,4494,247.85000000000002,1.98
2020-UTUWF-000742,4501,137.10999999999999,1.32
2020-COGMF-000280,4511,131.83,2.64
2020-UTNWS-000416,4533,184.57,4.62
2020-UTCCD-000304,4548,121.28,3.3
2020-AZTNF-002511,4549,137.1,0.0
2020-AZCOF-001621,4550,189.84,0.0
2020-NVBMD-020208,4563,63.28,0.0
2020-UTFIF-200115,4564,89.64999999999999,3.3000000000000003
2020-AZPNF-001288,4570,168.75,0.0
2020-UTSCS-200290,4582,126.55,0.66
2020-UTSWS-000393,4588,89.64,1.98
2020-UTUWF-000688,4589,295.31,2.64
2020-NMGNF-000525,4590,158.2,0.0
2020-AZCRD-000113,4592,84.38,0.0
2020-AZSCA-001391,4602,184.57,0.0
2020-UTMOD-000063,4609,84.37,1.32
2020-AZSRA-001036,4617,247.84,0.0
2020-AZASF-000831,4621,158.21,0.66
2020-CASRF-000139,4624,500.97999999999996,4.62
2020-UTBRS-000501,4630,348.04,4.62
2020-COGRD-000077,4632,121.28999999999999,2.64
2021-AZSCA-000254,4634,68.53999999999999,0.68
2020-UTNWS-000317,4638,168.74,0.66
2020-NMGNF-000448,4639,131.82999999999998,0.0
2020-AZFTA-000195,4648,274.21,1.98
2020-COGRD-000106,4652,100.17999999999998,1.32
2021-CASTF-000134,4659,247.85,9.1
2020-CORGF-000960,4660,110.74,3.9600000000000004
2020-NMGNF-000343,4667,116.00999999999999,1.98
2020-AZA3S-000609,4672,195.12,0.0
2020-UTNWS-000488,4675,184.57000000000002,2.64
2020-COWRD-000202,4676,84.37999999999998,1.98
2020-NMGNF-000506,4677,168.74,1.32
2020-AZA3S-000772,4686,290.03999999999996,0.0
2020-NMSNF-000339,4692,84.36999999999999,2.64
2020-AZSCA-001215,4694,290.03999999999996,0.0
2021-UTBRS-000040,4695,52.730000000000004,1.44
2020-AZASD-000112,4701,200.39,0.0
2020-UTMOD-000136,4715,52.730000000000004,1.32
2020-CABEU-004081,4722,100.19,0.0
2020-CATNF-000199,4725,490.43000000000006,5.9399999999999995
2020-AZASD-000923,4726,21.1,0.0
2020-AZCRD-002453,4727,0.0,0.0
2020-AZSCA-001214,4735,290.03999999999996,0.0
2020-ORLAD-200176,4736,237.29999999999998,5.28
2020-NVHTF-501802,4746,0.0,0.0
2020-IDSTF-000351,4760,110.74,0.66
2020-UTSCS-200039,4763,126.57,3.9600000000000004
2020-UTRID-200533,4764,47.459999999999994,1.98
2020-NVECFX-010205,4768,89.63,0.0
2020-AZKNF-000669,4780,221.48000000000002,0.0
2020-CASHF-001108,4789,395.49999999999994,5.9399999999999995
2020-UTBRS-000554,4793,221.47,4.62
2020-AZSCA-003200,4800,31.63,0.0
2020-UTFIF-200493,4802,68.56,1.98
2020-CAINF-001585,4804,184.57000000000002,5.9399999999999995
2020-AZCOF-000918,4805,137.11,2.64
2020-COWRF-000348,4806,179.29,10.56
2020-AZPHD-001536,4808,163.47000000000003,0.0
2020-AZA3S-000881,4813,116.02,0.0
2020-UTUWF-000363,4822,253.10999999999999,5.94
2020-CAMDF-000470,4824,221.48000000000002,2.64
2020-AZSCA-000936,4825,290.03999999999996,0.0
2020-UTNWS-000054,4833,221.48999999999998,6.6
2020-AZA4S-001028,4838,137.1,0.0
2020-NMGNF-000494,4853,168.74,1.32
2020-NVHTF-030036,4857,179.29,3.3000000000000003
2020-COMEX-000139,4863,142.39000000000001,4.62
2020-AZASF-000872,4886,142.39000000000001,0.0
2020-AZTNF-003042,4897,5.27,0.0
2021-AZSCA-000127,4906,79.09,0.68
2020-NVLINX-040045,4908,110.74,0.0
2020-UTSCS-200541,4923,63.28,0.66
2020-AZTNF-001094,4930,268.94,0.0
2020-UTCCD-000764,4942,47.459999999999994,1.98
2020-UTNWS-000409,4946,126.55,0.66
2020-NVEKD-010233,4950,184.57,1.98
2020-IDTFD-000263,4954,226.75,2.64
2020-AZASF-000843,4956,158.21,0.66
2020-UTNES-201079,4957,94.91999999999999,0.66
2020-AZASF-000145,4958,253.13000000000002,1.98
2020-UTASF-100340,4960,121.28999999999999,3.3000000000000003
2020-UTMLF-000065,4964,79.11,1.32
2020-AZTNF-002612,4966,163.47000000000003,0.0
2020-UTSWS-000472,4967,89.65,0.0
2020-NVTMFX-030797,4974,52.730000000000004,0.66
2020-UTSCS-200246,4975,168.74,0.66
2020-AZCOF-000645,4976,232.02999999999997,0.0
2020-AZSCA-002973,4980,31.63,0.0
2020-UTMOD-000205,4984,63.28999999999999,0.66
2020-COMFX-000162,4998,195.10999999999999,5.28
2020-AZSCA-003064,5004,31.63,0.0
2020-UTNWS-000300,5013,168.74,0.66
2020-UTNES-200288,5014,242.58,10.56
2020-NMSCD-000716,5017,121.28999999999998,0.66
2020-AZSCA-000428,5018,237.3,0.0
2020-AZSCA-002339,5023,137.1,0.0
2020-AZPHD-000695,5026,179.29,0.0
2020-UTSCS-200453,5031,79.1,1.32
2020-WYRSD-200508,5032,42.17999999999999,1.98
2020-IDBOD-000457,5048,290.05,3.9600000000000004
2020-AZIMR-002148,5050,10.55,0.0
2020-AZTNF-002481,5062,137.1,0.0
2020-COWRD-000189,5078,137.11,1.98
2020-UTMLF-000291,5091,63.28,0.66
2020-AZCNF-000308,5104,200.39000000000001,0.0
2020-AZA3S-001251,5112,73.83,0.0
2020-AZA3S-000356,5122,200.39000000000001,0.0
2020-UTNES-200790,5127,152.93,5.28
2020-CAPNF-000488,5131,421.86999999999995,7.92
2021-NVCLRX-500181,5132,5.27,0.0
2020-CAMDF-000557,5137,274.21,3.96
2020-AZPHD-002031,5139,126.56,0.0
2020-AZASF-000846,5142,142.37,1.32
2020-NVECFX-010204,5148,337.5,0.0
2020-AZSRA-000389,5155,247.84,0.0
2020-COSJF-001187,5156,116.00999999999999,1.98
2020-AZPMA-000552,5163,189.85,0.0
2020-AZSCA-002834,5165,84.36999999999999,0.0
2020-NMCAF-000601,5168,100.19,1.98
2020-CASNF-001391,5169,163.47,2.64
2020-AZPMA-002815,5171,73.83,0.0
2020-AZASD-000740,5175,100.18999999999998,0.0
2020-NVEKD-010207,5176,89.63,0.0
2020-CAMNP-013423,5185,73.83,0.0
2020-AZPMA-001596,5190,116.02,0.0
2020-NMSNF-000431,5191,110.72999999999999,1.32
2020-NVELD-040122,5192,68.55,0.66
2020-WYRAD-200369,5195,68.55,2.64
2020-UTNES-100034,5196,68.53999999999999,6.6000000000000005
2020-CASTF-000186,5219,242.56999999999996,7.26
2020-AZA3S-001278,5229,110.74,0.0
2020-CASHF-001120,5250,395.49999999999994,5.9399999999999995
2020-AZSCA-003332,5255,42.18,0.0
2020-NMN6S-000398,5259,79.09,0.66
2020-AZASD-000844,5262,79.1,0.0
2020-WYMRF-200752,5264,189.83,5.28
2020-WYRSD-200140,5269,52.74,3.3000000000000003
2020-UTCCD-001004,5280,10.54,0.0
2020-UTDIF-000236,5281,63.28,2.64
2021-NVWHIX-040010,5296,94.91999999999999,2.06
2020-UTTYOQ-000945,5312,100.19999999999999,0.66
2020-AZA3S-001687,5313,147.66,0.0
2020-AZSCA-000555,5318,290.03999999999996,0.0
2020-AZA4S-001828,5322,121.29,0.0
2020-AZPHD-000712,5325,247.84,0.0
2020-NMSNF-000350,5332,89.64999999999999,2.64
2020-COGRD-000104,5334,110.73999999999998,1.98
2020-NVNTE-500966,5337,63.28,0.0
2020-AZPHD-001456,5343,142.38,0.0
2020-AZA4S-001480,5344,110.74,0.0
2020-UTDIF-000258,5351,110.74,4.62
2020-UTRID-200529,5358,47.459999999999994,1.98
2020-AZSCA-002083,5361,142.38,0.0
2020-NMGNF-000232,5364,110.74,0.66
2020-COUPD-000171,5368,89.64999999999999,2.64
2020-AZTNF-002356,5374,137.1,0.0
2020-UTFIF-200012,5394,105.47,1.98
2020-AZCOF-001718,5397,189.84,0.0
2020-AZCNF-000145,5414,200.39000000000001,0.0
2020-CAKNF-007241,5417,232.02,2.64
2020-AZSCA-001491,5421,184.57,0.0
2021-AZA4S-000176,5430,31.64,0.0
2020-NVPERX-020168,5440,31.64,0.66
2020-COGWD-000081,5441,237.31,7.920000000000001
2020-CASHF-001124,5455,384.96000000000004,4.62
2020-UTCCD-000303,5460,58.010000000000005,0.66
2020-AZA5S-002348,5468,58.0,0.0
2020-NVEURX-010216,5474,84.36999999999999,0.66
2020-CAENF-029517,5475,263.66999999999996,3.3000000000000003
2020-AZCRD-001644,5479,100.18999999999998,0.0
2020-NMZUA-000363,5494,100.17999999999999,1.32
2020-COWRF-000493,5495,158.19,4.62
2020-AZA3S-001584,5497,110.74000000000001,0.0
2020-NVRNOX-030863,5503,84.37,0.66
2020-NMSNF-000532,5505,105.46,1.32
2020-UTCCD-000883,5506,36.91,0.0
2020-AZASF-000845,5507,142.39000000000001,0.0
2020-AZSCA-000463,5513,237.3,0.0
2020-NMPEP-000701,5515,89.64,3.3
2021-CARRU-007737,5516,84.38,0.06
2021-AZTNF-000101,5517,137.1,3.0
2020-AZTNF-000951,5520,290.03999999999996,0.0
2020-UTSES-000223,5524,73.82,1.32
2020-CALPF-001539,5527,300.59000000000003,0.0
2020-UTRID-200650,5530,58.00999999999999,0.0
2020-AZSCA-000484,5531,290.03999999999996,0.0
2020-AZCRD-000289,5532,263.65999999999997,0.66
2020-COSUA-000448,5534,89.63999999999999,1.32
2020-CANOD-004700,5537,63.27999999999999,1.32
2020-AZA4S-001260,5545,105.46,0.0
2020-COWRD-000119,5552,158.21,3.3000000000000003
2020-CAMNP-009202,5555,105.48,0.0
2021-UTBRS-000042,5558,121.28999999999999,5.38
2020-NMGNF-000437,5563,158.2,0.0
2020-AZPMA-000648,5570,189.85,0.0
2020-AZCRD-000087,5573,110.74,0.0
2020-AZPHD-001640,5576,163.47,0.0
2020-OR981S-200186,5587,390.2299999999999,5.28
2020-NMTAD-000049,5591,121.29,3.9600000000000004
2020-AZA3S-000853,5597,137.1,0.0
2020-UTSLD-000289,5598,100.19,1.32
2020-NVCCD-030311,5605,42.19,1.98
2020-AZASD-000097,5608,226.75,0.66
2020-UTASF-100353,5610,121.28999999999999,3.3000000000000003
2020-AZPHD-000924,5612,137.1,0.0
2020-CAMDF-000522,5613,221.48000000000002,2.64
2020-AZTNF-003117,5615,36.91,0.0
2020-AZCRA-001307,5617,84.38,0.0
2020-AZTNF-002999,5619,52.72999999999999,0.0
2020-UTDIF-000680,5625,94.91,1.98
2021-UTSWS-000067,5641,15.82,2.35
2020-AZA4S-001080,5642,258.4,0.0
2020-COWRF-000403,5677,158.20000000000002,3.96
2020-AZGID-000321,5688,195.10999999999999,0.0
2020-AZCRD-001134,5701,68.55,0.0
2020-AZFTA-000551,5709,158.19,0.66
2020-NVCCD-030150,5716,68.56,1.98
2020-UTBRS-000320,5720,147.64000000000001,1.98
2020-UTSCS-200223,5729,100.19,1.32
2020-UTBRS-000204,5735,274.22,3.9600000000000004
2020-AZSCA-002037,5736,142.38,0.0
2020-UTSWS-000173,5768,131.82999999999998,6.6000000000000005
2020-NVWID-020251,5772,126.55999999999999,0.66
2020-WYRAD-200535,5782,137.10999999999999,4.62
2020-CASRF-001218,5795,300.6,0.0
2020-AZSCA-002956,5797,31.63,0.0
2020-UTBRS-001053,5804,137.1,0.0
2020-AZPNF-001824,5805,184.57000000000002,0.0
2020-AZSCA-000994,5826,290.03999999999996,0.0
2020-UTNWS-000897,5828,89.64,1.98
2020-CAPNF-000348,5832,527.3399999999999,13.85
2020-NMFAD-000180,5833,126.55999999999999,1.98
2020-CANOD-004854,5848,121.28999999999999,1.98
2020-AZA4S-001646,5853,121.29,0.0
2020-NMLNF-000489,5874,110.74000000000001,0.66
2020-NVEKD-010276,5884,126.55999999999999,1.32
2020-NVEKD-010272,5885,158.20000000000002,1.32
2020-AZFTA-000896,5897,142.37,1.32
2020-NVEKD-010060,5907,179.28000000000003,0.0
2020-AZSCA-001418,5910,152.93,0.66
2020-UTBRS-000858,5911,279.49,1.32
2020-AZA5S-002110,5912,137.12,0.0
2020-CABDF-014827,5914,79.1,0.0
2020-NMGNF-000583,5917,142.37,1.32
2020-AZTNF-001448,5923,179.29000000000002,0.0
2020-UTNWS-000485,5926,184.57000000000002,2.64
2020-NMN6S-000060,5937,137.10999999999999,1.32
2020-UTUWF-001122,5939,68.54999999999998,0.66
2020-AZA1S-000850,5940,137.11,2.64
2020-UTCCD-000557,5942,89.65,0.0
2020-NVSND-500823,5943,68.56,0.0
2020-NMN3S-000365,5946,89.64999999999999,0.0
2020-AZSCA-003327,5948,42.18,0.0
2020-COBLX-001036,5949,158.20000000000002,5.28
2020-AZCRD-001471,5961,73.82,0.0
2020-WYCAX-200710,5967,79.1,2.64
2020-AZSCA-002574,5973,105.46999999999998,0.0
2020-NMGNF-000495,5979,158.20999999999998,0.0
2020-NMCAF-000222,6003,100.17999999999999,2.64
2020-AZCRD-001744,6005,94.92,0.0
2020-AZA5S-000821,6007,137.1,0.0
2020-UTDPYQ-001110,6022,68.54999999999998,0.0
2020-UTUOA-100045,6024,68.53999999999999,6.6000000000000005
2021-NMN6S-000069,6028,52.72999999999999,3.3
2020-CATNF-000968,6036,564.25,11.87
2020-UTMLF-000191,6038,105.45999999999998,1.32
2020-AZTNF-001745,6041,168.74,0.0
2021-AZCOF-000056,6042,94.92,0.23
2020-COUMA-000165,6050,142.38,0.66
2020-AZPHD-002241,6051,21.09,0.0
2020-NMVCP-000540,6053,94.90999999999998,0.66
2020-AZFTA-000808,6059,142.37,1.32
2020-UTBRS-001130,6062,221.49,1.32
2020-NVCCD-030476,6064,68.55,0.66
2020-NMMEA-000543,6069,116.02000000000001,0.0
2020-AZA3S-001026,6070,147.66,0.0
2020-AZPHD-000765,6077,284.76,0.0
2021-AZTNF-000031,6080,63.28,0.3
2020-UTNES-100296,6097,58.0,1.32
2020-AZSCA-003339,6104,42.18,0.0
2020-AZCOF-000554,6106,348.05,0.66
2020-UTSWS-000349,6114,94.91,4.62
2020-AZASF-000689,6126,168.75000000000003,1.32
2020-AZPNF-001496,6135,174.03000000000003,0.0
2020-AZTNF-002616,6137,163.48000000000002,0.0
2020-AZA3S-001677,6142,121.28999999999999,0.0
2020-NMCIF-000305,6143,131.83,0.0
2020-WYSWX-200647,6157,68.55,2.64
2021-AZPHD-000042,6176,84.37,0.32
2020-CAANF-003289,6177,237.30000000000004,0.0
2020-NMCAF-000064,6180,131.82999999999998,4.62
2020-AZA4S-000491,6181,316.4,0.0
2020-UTNES-200933,6182,131.83,2.64
2020-AZFTA-000104,6184,274.21,1.98
2020-AZPHD-002282,6200,21.09,0.0
2021-NVELD-040007,6203,31.64,0.89
2020-UTNES-201136,6209,84.37,2.64
2020-AZPNF-002037,6213,137.12,0.0
2020-UTSWS-000364,6214,84.37,1.32
2020-ORVAD-000154,6217,168.75,0.66
2020-AZASF-000607,6225,163.48,0.0
2020-UTCCD-000683,6228,68.56,1.32
2020-UTBRS-000181,6233,216.21,6.6
2020-AZTNF-002658,6238,163.47000000000003,0.0
2020-COMRX-000161,6241,158.20999999999998,6.6
2020-NVWID-020182,6256,121.28999999999999,0.66
2020-CALNU-013354,6263,84.38000000000001,0.0
2020-IDCTF-000257,6265,279.49,1.32
2020-UTNWS-000891,6268,89.63999999999999,0.0
2021-UTZIP-000068,6275,36.9,5.42
2020-UTRID-200499,6290,79.11,1.98
2020-UTCCD-000124,6298,205.66,9.9
2020-UTSWS-000773,6304,84.35999999999999,3.3000000000000003
2020-UTVLD-100330,6314,73.82,1.32
2020-CALPF-003275,6315,89.64999999999999,0.0
2020-AZTNF-000365,6318,268.94,0.0
2020-COGFX-000026,6319,253.13,8.58
2020-AZA3S-000917,6333,116.02,0.0
2020-NMSNF-000441,6334,84.38,2.64
2020-NMCIF-000400,6336,73.84,0.0
2020-NVHUMX-020189,6340,121.3,0.66
2020-WYKRD-200572,6341,131.82,1.98
2020-UTNWS-000708,6343,137.10999999999999,1.32
2020-AZCNF-000417,6348,121.28,0.0
2020-UTNWS-000946,6353,126.56,0.66
2020-UTCCD-000713,6354,89.64,1.32
2020-CALPF-001621,6366,263.67,0.0
2020-NVEKD-010149,6386,42.17999999999999,1.32
2020-NMGNF-000122,6396,210.93,3.3000000000000003
2020-AZSCA-002764,6398,84.36999999999999,0.0
2020-CASRF-000838,6399,284.76,0.66
2020-NVWNA-020037,6404,174.01999999999998,2.64
2020-UTBRS-001123,6407,142.36999999999998,1.32
2020-AZTNF-000770,6418,290.03999999999996,0.0
2020-UTRID-200212,6430,58.010000000000005,0.66
2020-CAMDF-000528,6434,290.04,5.28
2020-AZTNF-001389,6435,179.29000000000002,0.0
2020-AZSCA-003233,6436,31.63,0.0
2020-CAMNP-012356,6437,79.1,0.0
2020-COGWD-000388,6440,147.65000000000003,5.28
2020-AZA3S-000311,6454,195.10999999999999,0.0
2020-UTSWS-000128,6455,200.39,1.32
2020-WYRSD-200611,6459,42.17999999999999,1.98
2020-AZCRD-001504,6469,147.65,0.0
2020-CACDD-010671,6472,110.74,0.0
2020-AZPHD-002399,6484,10.54,0.0
2020-AZA3S-000694,6486,147.66,0.0
2020-UTSLD-000414,6507,142.38,1.98
2020-ORMED-000066,6508,748.83,3.96
2020-NVSND-501302,6511,68.55,0.0
2020-UTBRS-000227,6525,184.54999999999998,1.32
2020-AZSCA-002653,6532,110.74,0.0
2020-AZTNF-001997,6533,158.20000000000002,0.0
2020-AZA5S-001859,6536,147.65,0.0
2020-WYCPS-200480,6538,42.18,1.98
2020-NVCCD-030788,6543,52.730000000000004,0.66
2020-AZSCA-000526,6546,237.3,0.0
2020-AZPHD-000853,6547,210.93,0.0
2020-COGRX-000367,6548,168.73000000000002,5.28
2020-CASHF-001069,6552,395.49999999999994,5.9399999999999995
2020-CASHF-001116,6559,384.96000000000004,4.62
2020-UTCCD-000989,6563,26.36,0.66
2020-AZCOF-001449,6572,174.03000000000003,1.32
2020-COUMA-000771,6577,94.92,0.0
2020-ORFWF-200345,6580,100.19,1.98
2020-CABDF-011178,6588,184.57,0.0
2020-UTCCD-000551,6598,84.37,1.32
2020-CASRF-000198,6606,442.96999999999997,4.62
2020-CABNP-000479,6610,221.48000000000002,2.64
2020-UTASF-100431,6628,68.56,0.66
2020-NMSNF-000405,6630,84.38,2.64
2020-WYRSD-200247,6632,47.459999999999994,2.64
2021-AZSCA-000208,6635,68.53999999999999,0.68
2020-AZSCA-001265,6638,290.03999999999996,0.0
2021-AZA2S-000159,6645,42.18,0.26
2020-AZA1S-002041,6657,89.63999999999999,0.0
2020-CASHF-001029,6659,384.96000000000004,4.62
2020-AZGID-000780,6660,79.1,0.0
2020-UTSWS-000195,6667,126.56,0.0
2020-AZASD-000820,6668,79.1,0.0
2021-CABDF-000924,6669,89.65,0.02
2020-AZSCA-003225,6694,31.63,0.0
2020-AZTCA-000787,6695,94.91,0.0
2020-UTCCD-000599,6704,68.56,1.32
2020-UTSCS-200425,6707,131.82999999999998,5.28
2020-COGRD-000307,6709,89.64,1.32
2021-AZA3S-000164,6714,58.010000000000005,0.19
2020-AZA4S-001213,6715,105.46,0.0
2020-AZSCA-001490,6716,184.57,0.0
2020-AZA3S-001734,6722,110.74000000000001,0.0
2020-UTMOD-000088,6723,79.1,1.32
2020-CASHF-000193,6732,411.34000000000003,5.9399999999999995
2020-AZSCA-002467,6735,137.1,0.0
2020-NVELD-040078,6739,68.56,1.32
2020-COGRD-000099,6740,479.87999999999994,0.0
2020-NMNPA-000213,6745,126.55,2.64
2020-NVHTF-030350,6748,158.21,5.28
2020-AZA3S-001305,6750,142.38,0.0
2020-UTSLD-000690,6751,105.46,0.0
2020-NMGNF-000550,6757,142.37,1.32
2020-AZSCA-002862,6761,84.36999999999999,0.0
2020-AZA3S-000312,6762,237.31,0.0
2020-AZA3S-000586,6771,195.10999999999999,0.0
2020-UTMLF-000290,6772,52.739999999999995,0.66
2021-AZA4S-000207,6779,100.18,1.4300000000000002
2020-AZA3S-001117,6782,116.00999999999999,0.0
2020-AZA3S-000832,6789,116.00999999999999,0.0
2020-CALPF-001245,6799,316.41,0.0
2020-UTNES-100033,6809,58.0,5.28
2020-NVHTF-020248,6823,36.91,0.0
2020-NVEURX-010056,6830,158.2,1.98
2020-NVCCD-030422,6832,31.64,0.66
2020-NMSPA-000031,6836,121.28999999999999,0.0
2020-COGRD-000108,6843,100.17999999999998,1.32
2020-NVECFX-010100,6853,216.21,3.3000000000000003
2020-AZTNF-002099,6861,158.20000000000002,0.0
2020-CASHF-001376,6872,232.02,2.64
2020-UTRID-200515,6878,79.11,1.98
2020-ID2BN-000186,6879,326.96,2.64
2020-COSJF-000435,6893,142.38000000000002,5.28
2020-AZSAP-000755,6895,105.47000000000001,0.0
2020-AZSCA-001403,6899,184.57,0.0
2020-AZPHD-000897,6912,189.84,0.0
2020-AZCRD-001357,6919,79.11,0.0
2021-NMSPA-000046,6933,84.36999999999999,2.62
2020-NMSNF-000705,6938,94.92,1.32
2020-UTCCD-000500,6944,94.91999999999999,0.0
2021-NMGNF-000079,6946,79.1,3.36
2020-IDEIS-000249,6949,126.56,0.0
2020-UTDPYQ-000941,6953,31.64,0.0
2020-AZA3S-002485,6957,36.91,0.0
2020-AZFTA-000817,6963,137.1,0.0
2020-AZFTA-000962,6964,110.72999999999999,0.66
2020-UTSWS-000317,6968,126.56,0.0
2020-NMN2S-000089,6970,79.08999999999999,3.3000000000000003
2020-UTSWS-000334,6978,94.91,4.62
2020-CATNF-001433,6987,268.94,5.93
2020-NVWID-020215,6996,47.459999999999994,1.32
2020-WYRAD-200554,6998,63.27999999999999,3.3
2020-NVECFX-010325,7020,110.74,0.0
2020-AZPMA-001318,7023,200.38,0.0
2020-AZA3S-000307,7035,195.12,0.0
2020-UTMOD-000062,7039,100.19,2.64
2020-UTMLF-000310,7050,89.64999999999999,0.66
2020-AZSCA-002593,7061,137.1,0.0
2020-AZA3S-000505,7070,158.20000000000002,0.0
2020-AZA3S-000747,7071,94.92000000000002,0.0
2020-CASQF-002543,7076,174.01,3.96
2020-AZCOF-000877,7087,137.11,2.64
2020-COGMF-000119,7090,137.10999999999999,2.64
2020-NMSNF-000510,7102,79.1,1.32
2020-AZPHD-002081,7109,126.56,0.0
2020-NVELD-040123,7115,36.91,1.32
2020-UTRID-200217,7118,58.010000000000005,0.66
2020-UTSCS-200185,7120,79.1,2.64
2020-CAENF-029979,7130,121.28999999999999,0.66
2020-NMCIF-000336,7134,79.11,0.66
2020-NVEKD-010047,7137,52.730000000000004,1.32
2020-AZTNF-003163,7138,10.54,0.0
2020-COSJF-001175,7140,100.19,1.32
2020-AZPHD-001371,7146,168.75,0.0
2020-NMN3S-000729,7151,131.83,0.0
2020-AZSCA-002813,7157,84.36999999999999,0.0
2020-NMN5S-000289,7167,121.29,0.66
2020-AZGLP-000327,7171,58.0,0.66
2020-ORFWF-200330,7175,226.74999999999997,1.32
2020-CALPF-002428,7180,89.65,0.0
2020-AZCNF-000009,7186,247.85000000000002,0.0
2020-CAENF-024814,7200,200.39,6.59
2020-ORMED-000243,7201,474.59999999999997,11.870000000000001
2020-CABDF-012365,7202,195.12,0.0
2020-ORBUD-002161,7207,58.010000000000005,0.66
2020-AZCNF-000413,7212,110.74,0.0
2020-CATMU-018994,7217,184.58,5.28
2020-CALNF-003350,7218,500.99,9.899999999999999
2020-AZTNF-002543,7223,163.48000000000002,0.0
2020-NMLNF-000207,7225,94.91,0.66
2021-AZCRA-000136,7228,15.82,0.0
2020-AZSCA-000937,7235,290.03999999999996,0.0
2020-AZPHD-000581,7249,126.55999999999999,0.0
2020-NVELD-040141,7250,36.91,1.32
2020-NMSCD-000355,7253,105.46999999999998,0.0
2020-AZFTA-000827,7256,147.65,0.66
2020-UTSCS-200473,7257,63.28,0.66
2020-UTVLD-100219,7259,63.28,2.64
2020-NVCCD-030333,7260,100.19,1.32
2020-AZKNF-000347,7271,263.66999999999996,0.66
2020-AZA3S-000635,7281,195.10999999999999,0.0
2020-CACDD-013077,7290,110.74,0.0
2020-AZASD-000652,7306,100.18999999999998,0.0
2020-COPSF-001787,7311,152.93,1.32
2020-NMGNF-000043,7340,274.22,1.98
2020-AZA3S-000865,7342,121.28,0.0
2020-AZSCA-002527,7343,121.28999999999999,0.0
2020-NMGNF-000226,7353,110.74,0.66
2020-UTRID-200304,7357,63.28,2.64
2020-COMVP-000532,7366,110.74,0.66
2020-COMFX-000044,7375,147.64000000000001,2.64
2020-COWRD-000186,7380,84.37999999999998,1.98
2021-AZSCA-000273,7384,68.53999999999999,0.68
2021-NMLNF-000018,7387,63.26999999999998,1.33
2020-NVCCD-030546,7389,79.1,1.32
2020-NMLNF-000232,7390,94.91,0.66
2020-AZASD-000739,7404,100.18999999999998,0.0
2020-AZA5S-000893,7410,126.56,0.0
2020-CANOD-004515,7414,131.83,1.98
2020-UTDIF-000580,7416,89.64,1.98
2020-COMFX-000074,7430,158.21,3.3000000000000003
2020-AZCRD-000678,7441,216.21,0.0
2020-COMVP-000757,7451,142.36999999999998,5.94
2020-UTRID-200417,7453,79.11,2.64
2020-AZGID-000779,7465,79.1,0.0
2020-AZSCA-002958,7473,31.63,0.0
2020-UTSWS-000898,7474,47.45,0.66
2020-CABDF-016025,7478,79.1,0.0
2020-UTSES-000210,7481,105.45999999999998,1.32
2020-CAPNF-001529,7483,216.21000000000004,3.96
2020-IDTFD-000178,7485,195.11,1.98
2020-AZA3S-000889,7488,110.74,0.0
2020-NMCIF-000223,7495,73.82000000000001,0.0
2020-AZTNF-001767,7498,221.48,0.0
2020-AZA4S-002486,7500,31.64,0.0
2020-NMSNF-000423,7504,100.19,1.98
2020-UTCCD-000959,7505,10.54,0.66
2020-AZPMA-000956,7517,189.85,0.0
2021-NMSPA-000071,7518,84.36999999999999,2.62
2020-NVEKD-010054,7524,126.57,1.32
2020-CACDD-013335,7526,73.83,0.0
2020-AZPNF-001662,7533,174.03000000000003,0.0
2020-AZASF-000819,7541,142.39000000000001,0.0
2020-UTDIF-000975,7542,10.54,0.66
2020-NVLANX-020242,7544,63.269999999999996,1.32
2020-AZPMA-000980,7556,189.85,0.0
2020-AZA4S-000723,7558,168.75,0.0
2020-UTRID-200268,7561,94.93,2.64
2020-UTMOD-000294,7572,79.11,4.62
2020-CATMU-020092,7583,184.58,5.28
2020-IDIFD-000088,7586,242.58,3.3000000000000003
2020-AZCRD-000049,7589,84.38,0.0
2020-AZCOF-000854,7590,263.66999999999996,0.66
2020-UTSCS-200132,7591,121.30000000000001,3.3000000000000003
2020-CALPF-001105,7598,290.03999999999996,0.0
2020-CABDF-002302,7604,110.74000000000001,0.0
2021-CAMNP-004963,7619,10.55,0.34
2021-NVSVFX-030093,7621,73.83,0.9000000000000001
2021-NMSPA-000078,7629,57.999999999999986,1.9
2021-NMSPA-000079,7631,57.999999999999986,1.9
2021-NMSPA-000081,7638,84.36999999999999,2.62
2021-AZPMA-000397,7639,42.17999999999999,0.0
2021-AZFTA-000057,7647,100.17999999999998,2.48
2021-NMN6S-000088,7653,84.38,1.39
2021-CAKNF-002220,7662,564.26,5.83
2021-UTSLD-000052,7666,100.21,3.09
2021-UTNES-100034,7669,63.269999999999996,2.33
2021-NVSND-500311,7672,21.09,0.32
2021-AZPHD-000198,7673,79.1,0.32
2021-OR981S-210108,7677,427.15,8.32
2021-OR981S-210112,7679,247.85000000000002,7.87
2021-UTUOA-100036,7683,63.269999999999996,2.33
2021-AZCRD-000201,7689,5.27,0.21
2021-CACDD-005802,7706,15.82,0.02
2021-ORFWF-210115,7707,427.15,8.32
2021-NMGNF-000103,7708,79.1,3.36
2021-AZCRD-000210,7710,21.09,0.0
2021-CAMNP-005829,7711,10.55,0.17
2021-AZCRD-000216,7719,21.44,0.0
2021-COAUX-000048,7725,203.45999999999998,8.13
2021-COARF-000080,7730,243.95,10.73
2021-AZCRD-000220,7737,26.599999999999998,0.0
2021-NMN6S-000099,7747,50.29999999999999,1.9
2021-NMN6S-000097,7749,43.459999999999994,1.91
2021-NMN6S-000098,7750,43.459999999999994,1.91
2021-NVECFX-010013,7751,173.29,2.6
2021-UTSLD-000070,7752,166.94,4.07
2021-UTSWS-000100,7759,64.08,7.57
2021-UTNES-100047,7768,62.79,4.84
2021-UTSLD-000076,7769,73.13999999999999,1.5
2021-CALPF-000734,7784,102.06,0.0
2021-NMSPA-000106,7796,50.29999999999999,1.9
2021-UTSWS-000103,7800,64.08,7.57
2021-NMN6S-000107,7803,43.01,2.6399999999999997
2021-NMN6S-000110,7818,68.46000000000001,2.98
2021-NVECFX-010016,7825,188.82999999999998,4.38
2021-AZA4S-000334,7829,22.45,0.0
2021-CAINF-000521,7830,124.64,1.56
2021-AZA3S-000336,7834,53.47999999999999,0.19
2021-AZSCA-000501,7836,69.71000000000001,0.56
2021-COMFX-000027,7843,128.69,4.3100000000000005
2021-NMZUA-000119,7848,60.55999999999999,2.9099999999999997
2021-NMSPA-000122,7851,49.459999999999994,2.48
2021-AZTNF-000520,7861,81.92999999999999,0.32
2021-NMN1S-000078,7865,110.56,4.89
2021-ID2BN-000012,7866,144.73,7.660000000000001
2021-WYUIX-210066,7870,105.74000000000001,12.299999999999999
2021-NMN1S-000079,7871,110.56,4.89
2021-AZGID-000198,7872,44.68999999999999,0.0
2021-CATNF-000549,7875,421.32,5.49
2021-AZSCA-000525,7879,69.71000000000001,0.56
2021-COSTX-210029,7883,214.92000000000002,15.020000000000001
2021-CORBX-000030,7886,263.96,13.569999999999999
2021-NVSND-500366,7891,5.77,0.0
2021-UTBRS-000102,7894,134.84,3.88
2021-NVEKD-010018,7898,54.949999999999996,1.69
2021-NMSPA-000130,7902,50.29999999999999,1.9
2021-NMN5S-000097,7904,66.67999999999999,1.9
2021-NMSPA-000129,7911,50.29999999999999,1.9
2021-CAPNF-000421,7923,320.34,5.56
2021-CASRF-000202,7925,789.94,2.1199999999999997
2021-NMGNF-000149,7932,71.89999999999999,1.98
2021-NMGNF-000150,7934,71.89999999999999,1.98
2021-ID1FN-000016,7941,183.04999999999998,5.49
2021-UTSES-000065,7942,83.14999999999999,2.32
2021-NMN1S-000088,7945,95.27,2.72
2021-AZA4S-000385,7948,45.419999999999995,0.04
2021-AZASF-000108,7952,97.08999999999999,1.24
2021-CALBOR-000694,7957,159.71,0.02
2021-NMN6S-000139,7958,78.44,1.39
2021-UTSWS-000114,7973,56.81,5.1000000000000005
2021-CASHF-000460,7974,466.02,8.14
2021-CAMDF-000255,7975,169.94,5.66
2021-UTSWS-000117,7985,62.46000000000001,2.09
2021-CACDD-006676,7987,16.55,0.04
2021-CABDF-006749,7994,118.00000000000001,0.06
2021-CASRF-000212,7995,732.8000000000001,2.23
2021-AZSCA-000580,7996,92.03,0.77
2021-CAINF-000607,7997,124.64,1.56
2021-OR982S-210132,8002,264.63,8.1
2021-CACDD-006804,8004,15.97,0.0
2021-UTSWS-000119,8013,64.08,7.57
2021-AZFTA-000129,8017,106.27000000000001,2.11
2021-NMSNF-000055,8019,78.64,4.65
2021-AZA4S-000411,8021,44.65,0.0
2021-NVBMD-020053,8025,16.89,0.8300000000000001
2021-AZCRA-000319,8026,8.59,0.15
2021-AZFTA-000137,8038,92.06,1.9600000000000002
2021-AZFTA-000139,8044,108.35,2.0500000000000003
2021-AZFTA-000142,8049,103.32,2.66
2021-NMLCD-000110,8053,52.83,1.41
2021-AZA5S-000437,8058,59.78999999999999,0.09
2021-AZCOF-000239,8084,165.92999999999998,2.7900000000000005
2021-NMN6S-000157,8086,43.459999999999994,1.91
2021-AZKNF-000207,8087,165.92999999999998,2.7900000000000005
2021-AZCRD-000362,8094,34.12,0.6599999999999999
2021-NMLNF-000130,8105,66.67999999999999,1.9
2021-WYCAX-210079,8106,191.75,7.88
2021-AZCRD-000365,8107,21.169999999999998,0.0
2021-AZASF-000158,8108,102.9,3.56
2021-NMSPA-000159,8111,47.400000000000006,2.61
2021-NMCAF-000101,8115,121.85,5.02
2021-AZSRA-000669,8116,44.65,0.0
2021-AZPMA-000677,8124,44.239999999999995,0.0
2021-WYCAX-210085,8136,130.65,5.83
2021-NVSND-500438,8140,10.96,0.64
2021-NVECFX-010045,8142,145.42999999999998,4.93
2021-OR981S-210143,8150,264.63,8.1
2021-AZSCA-000687,8151,106.27000000000001,2.11
2021-NMN2S-000111,8153,167.20999999999998,4.25
2021-AZSCA-000689,8154,53.47999999999999,0.19
2021-COPSF-000427,8164,265.69000000000005,9.879999999999999
2021-CACDD-007393,8166,54.399999999999984,1.28
2021-NMGNF-000212,8168,64.94,1.98
2021-CAMVU-007992,8169,81.33,0.0
2021-AZA5S-000496,8171,128.15,1.23
2021-NVSND-500450,8176,29.830000000000002,0.15
2021-AZTNF-000713,8180,97.77,1.4300000000000002
2021-AZTNF-000711,8181,67.67999999999999,0.3
2021-AZCRD-000411,8188,21.169999999999998,0.0
2021-AZA3S-000525,8212,54.00999999999999,0.19
2021-NMN1S-000122,8237,138.88,4.029999999999999
2021-AZTNF-000742,8238,67.67999999999999,0.3
2021-UTBRS-000141,8251,65.98,2.0100000000000002
2021-NMCAF-000127,8252,145.10000000000002,3.5999999999999996
2021-AZA4S-000546,8256,88.15,0.77
2021-AZSRA-000761,8258,45.42,0.0
2021-COMNX-000150,8259,172.29,5.02
2021-NVNNS-010050,8261,211.23,3.5600000000000005
2021-ORMED-000068,8263,1020.5699999999999,2.9299999999999997
2021-COSJF-000151,8264,232.97,14.139999999999999
2021-CASHF-000552,8272,382.58000000000004,7.3500000000000005
2021-AZTNF-000778,8280,84.30999999999999,0.32
2021-AZPHD-000455,8288,60.60999999999999,0.09
2021-AZGID-000278,8295,44.82999999999999,0.0
2021-COSUA-000155,8304,194.21,4.42
2021-NMSNF-000090,8311,79.47999999999999,1.9200000000000002
2021-ORRSF-000069,8314,1020.5699999999999,2.9299999999999997
2021-AZCOF-000316,8329,116.29,3.0900000000000003
2021-AZSCA-000814,8340,89.57000000000002,1.9600000000000002
2021-CABDF-007800,8341,70.25000000000001,0.13
2021-IDSTF-000065,8342,138.31999999999996,2.95
2021-UTNES-100068,8343,70.94,4.85
2021-AZSCA-000822,8344,88.15,0.77
2021-NMN6S-000179,8347,78.55,0.73
2021-AZA4S-000583,8350,67.67999999999999,0.3
2021-AZA5S-000588,8356,60.60999999999999,0.09
2021-AZSCA-000840,8375,88.15,0.77
2021-NMN6S-000106,8379,86.66,3.99
2021-AZCOF-000331,8385,116.29,3.0900000000000003
2021-CANOD-002448,8390,61.71,4.670000000000001
2021-AZGLP-000178,8391,50.629999999999995,2.5
2021-NMGNF-000247,8392,54.239999999999995,2.3000000000000003
2021-AZA4S-000616,8399,43.17,0.0
2021-CASHF-000611,8421,273.52000000000004,0.8999999999999999
2021-CACND-001011,8425,79.06,0.19
2021-AZA3S-000625,8429,51.12,0.15
2021-CASHF-000619,8442,539.4200000000001,4.449999999999999
2021-NMN6S-000184,8444,51.57,1.24
2021-AZSCA-000883,8448,88.15,0.77
2021-AZSCA-000898,8458,88.15,0.77
2021-AZTNF-000900,8468,67.67999999999999,0.3
2021-AZFTA-000278,8469,89.57000000000002,1.9600000000000002
2021-NMN1S-000148,8473,99.59,2.72
2021-AZTNF-000903,8474,97.77,1.4300000000000002
2021-NMLNF-000171,8478,74.39,1.24
2021-NMLNF-000172,8495,74.39,1.24
2021-NVNTE-500527,8498,25.490000000000002,0.72
2021-CAENF-013467,8508,370.29999999999995,12.889999999999999
2021-NVELD-040023,8520,54.82,2.8000000000000003
2021-NMGNF-000273,8525,74.07000000000001,3.46
2021-NVSND-500539,8528,11.690000000000001,0.64
2021-AZCRD-000539,8530,21.169999999999998,0.0
2021-CARRU-066391,8532,16.0,0.0
2021-NMGNF-000275,8536,36.99,0.24
2021-NMGNF-000276,8544,59.519999999999996,1.1199999999999999
2021-CACDD-008149,8549,16.0,0.0
2021-NVELD-040026,8554,77.36,3.8899999999999997
2021-COSJF-000210,8557,172.29,5.02
2021-NMNPA-000127,8563,124.79999999999998,3.58
2021-UTUWF-000171,8571,113.55,12.379999999999999
2021-CASRF-000311,8572,936.45,3.3000000000000003
2021-AZTNF-000960,8575,67.67999999999999,0.3
2021-UTCCD-000204,8578,63.36,1.74
2021-UTDIF-000203,8580,60.72,4.4799999999999995
2021-UTRID-210111,8581,99.8,3.81
2021-UTSWS-000207,8590,52.64,0.51
2021-CALPF-001128,8591,160.11,0.02
2021-AZGID-000323,8593,60.76999999999999,0.56
2021-AZASF-000317,8619,100.34,2.11
2021-COARF-000150,8620,281.77,9.330000000000002
2021-AZASF-000320,8625,100.34,2.11
2021-NMLNF-000179,8628,70.71000000000001,1.6300000000000001
2021-NMLCD-000293,8629,19.03,0.05
2021-AZFTA-000336,8635,100.34,2.11
2021-AZFTA-000331,8636,100.34,2.11
2021-COSJF-000231,8640,245.48,12.76
2021-NMSPA-000198,8652,51.57,1.24
2021-NMLCD-000309,8688,15.129999999999999,0.21
2021-NVCLRX-500574,8689,11.690000000000001,0.64
2021-AZA3S-000752,8701,44.82999999999999,0.0
2021-UTDIF-000214,8705,77.67,5.0
2021-UTSWS-000215,8710,77.67,5.0
2021-NMGNF-000314,8711,74.07000000000001,3.46
2021-IDIFD-000030,8717,125.23,3.44
2021-AZA5S-000761,8724,64.64,0.5599999999999999
2021-UTSCS-210128,8733,146.48,2.67
2021-COPSF-000541,8757,196.05,6.74
2021-UTDIF-000229,8786,77.67,5.0
2021-AZA4S-000785,8793,22.48,0.0
2021-NMSNF-000150,8797,138.88,4.029999999999999
2021-NMCAF-000175,8799,217.67000000000002,5.659999999999999
2021-CASHF-000711,8812,539.4200000000001,4.449999999999999
2021-AZA3S-000790,8830,54.00999999999999,0.19
2021-CABEU-003247,8836,217.84,0.0
2021-AZTNF-001158,8852,97.77,1.4300000000000002
2021-CAPNF-000716,8865,447.11999999999995,9.709999999999999
2021-OR982S-210182,8887,263.24,8.23
2021-UTNES-200203,8888,216.55999999999997,11.950000000000001
2021-AZTNF-001189,8899,106.39,2.0500000000000003
2021-AZSCA-001191,8901,86.85,0.77
2021-AZASF-000466,8908,88.65,2.11
2021-AZCNF-000385,8912,61.31999999999999,0.56
2021-AZGID-000387,8923,52.19,0.19
2021-COWRD-000119,8929,166.33,4.22
2021-COGRD-210091,8966,129.42,2.75
2021-AZGID-000395,8976,61.31999999999999,0.56
2021-AZTNF-001219,8978,64.63999999999999,0.3
2021-NVLINX-040029,8988,59.47,1.24
2021-NMGNF-000371,8998,72.51,3.46
2021-AZASF-000489,9005,86.12,3.56
2021-AZASF-000495,9012,88.65,2.11
2021-AZPHD-000711,9015,47.77,0.0
2021-AZTNF-001255,9017,64.63999999999999,0.3
2021-AZSRA-001250,9021,47.77,0.0
2021-NMCIF-000228,9022,110.97999999999999,2.1
2021-AZPMA-001253,9023,44.75,0.0
2021-UTMLF-000115,9025,172.34,6.66
2021-AZASF-000503,9039,86.12,3.56
2021-IDIFD-000042,9049,103.61,2.78
2021-NMN3S-000379,9068,63.22,2.48
2021-UTDIF-000270,9089,57.199999999999996,4.3100000000000005
2021-COGRD-210105,9090,199.22000000000003,5.4
2021-NMCAF-000206,9094,178.81,4.42
2021-UTCCD-000271,9095,57.199999999999996,4.3100000000000005
2021-UTSES-000120,9115,149.4,2.01
2021-AZSCA-001264,9135,86.85,0.77
2021-AZSCA-001289,9144,86.85,0.77
2021-AZCOF-000329,9146,170.10999999999999,2.7900000000000005
2021-AZCRD-000738,9159,14.87,0.15
2021-UTSLD-000100,9163,100.66000000000001,3.5399999999999996
2021-WYMRF-210142,9164,293.75,11.899999999999999
2021-NMTAD-000213,9171,178.81,4.42
2021-NMJIA-000203,9172,204.59,6.17
2021-NVELD-040038,9174,121.45,2.85
2021-IDTFD-000099,9177,100.66000000000001,3.5399999999999996
2021-AZCOF-000577,9181,108.48,3.0900000000000003
2021-NMN3S-000388,9184,62.519999999999996,1.1199999999999999
2021-CASHF-000817,9197,410.33000000000004,7.499999999999999
2021-NVLINX-040040,9198,70.15,2.8000000000000003
2021-AZCRD-000754,9205,21.52,0.0
2021-COUPD-000090,9208,159.85,3.68
2021-IDSTF-000104,9210,100.66000000000001,3.5399999999999996
2021-NMSNF-000184,9219,97.82,3.99
2021-UTNWS-000236,9220,196.14,5.22
2021-COWRD-000153,9224,102.51000000000002,3.45
2021-UTGRD-000127,9229,127.36,2.1100000000000003
2021-CACDD-009281,9254,21.52,0.0
2021-UTMLF-000131,9257,125.82999999999998,2.38
2021-UTBRS-000246,9259,124.45000000000002,3.2199999999999998
2021-NVHTF-030269,9262,234.55999999999997,7.299999999999999
2021-NVESMX-020081,9267,36.44,0.66
2021-AZCNF-000427,9275,61.31999999999999,0.56
2021-NVSND-500708,9279,18.240000000000002,0.64
2021-COWRF-210130,9297,237.41999999999996,13.760000000000002
2021-ORFWF-210202,9299,313.53,7.209999999999999
2021-NMSNF-000190,9308,177.43999999999997,3.79
2021-UTSLD-000260,9321,168.4,2.5599999999999996
2021-AZTCA-000501,9332,68.72,1.3399999999999999
2021-NMN6S-000253,9342,90.14,0.73
2021-WYRSD-210182,9344,65.35000000000001,3.61
2021-NMGNF-000417,9354,72.51,3.46
2021-NMRNA-000258,9356,62.80999999999999,2.31
2021-CABDF-009477,9366,49.77,0.02
2021-UTBRS-000268,9377,103.61,2.78
2021-COLSD-000164,9380,270.11,6.67
2021-UTBRS-000271,9382,196.14,5.22
2021-AZORP-000440,9383,39.97,0.0
2021-AZA4S-000932,9385,64.63999999999999,0.3
2021-CAINF-001233,9389,90.97,1.11
2021-AZSCA-001415,9394,52.19,0.19
2021-AZSCA-001416,9395,86.85,0.77
2021-AZASF-000600,9398,140.46999999999997,3.67
2021-WYSWX-210185,9400,65.35000000000001,3.61
2021-NMLNF-000289,9401,162.01,1.24
2021-NVSND-500739,9407,18.240000000000002,0.64
2021-CALUR-000556,9412,142.0,0.0
2021-CALBOR-001447,9418,97.35999999999999,0.0
2021-AZA3S-000954,9429,58.080000000000005,0.23
2021-NMMEA-000292,9436,156.35,1.6300000000000001
2021-UTCCD-000309,9438,78.56,4.34
2021-NMGNF-000433,9442,72.51,3.46
2021-UTSCS-210194,9445,132.56,9.040000000000001
2021-COMFX-000168,9446,127.84,3.88
2021-AZPMA-001446,9453,47.77,0.0
2021-AZCRA-000825,9454,14.87,0.15
2021-AZASF-000613,9457,88.65,2.11
2021-AZASF-000616,9475,86.12,3.56
2021-AZFTA-000618,9478,94.13,2.66
2021-COLPX-000421,9504,205.66000000000003,10.549999999999999
2021-NVTMFX-030300,9505,186.37000000000003,4.539999999999999
2021-NMGNF-000438,9508,58.35000000000001,1.98
2021-AZCRD-000830,9510,22.029999999999998,0.0
2021-COUMA-000423,9512,136.16000000000003,3.8
2021-UTHIAQ-000290,9513,72.37,1.5
2021-AZPNF-000832,9520,145.15999999999997,0.89
2021-AZCOF-000642,9524,129.81,0.5900000000000001
2021-UTCCD-000313,9525,64.31,6.91
2021-AZPHD-000836,9528,62.739999999999995,0.09
2021-AZASF-000638,9529,140.46999999999997,3.67
2021-AZASF-000627,9531,88.65,2.11
2021-AZSCA-001470,9532,88.65,2.11
2021-AZASF-000624,9533,88.65,2.11
2021-AZPNF-000840,9539,129.04,1.23
2021-AZASF-000633,9547,88.65,2.11
2021-AZASF-000631,9548,88.65,2.11
2021-AZASF-000632,9549,88.65,2.11
2021-AZSCA-001457,9551,86.85,0.77
2021-AZCRD-000843,9553,40.449999999999996,0.6599999999999999
2021-AZASF-000648,9557,86.12,3.56
2021-UTUWF-000303,9560,163.11,3.28
2021-CABDU-008199,9561,147.72,3.2600000000000002
2021-CATIA-001624,9562,99.72,2.1999999999999997
2021-NVDSR-500801,9566,29.060000000000002,1.06
2021-CALUR-000583,9569,175.48000000000002,0.0
2021-UTCCD-000315,9574,79.33000000000001,2.11
2021-COUMA-000460,9577,169.23,4.359999999999999
2021-UTSES-000156,9579,97.53,3.61
2021-UTCCD-000317,9580,49.19,2.05
2021-AZPNF-000854,9582,145.15999999999997,0.89
2021-COUMA-000462,9584,136.16000000000003,3.8
2021-NVELD-040050,9585,70.15,2.8000000000000003
2021-UTCCD-000319,9598,79.33000000000001,2.11
2021-AZTNF-001488,9607,64.63999999999999,0.3
2021-UTCCD-000322,9613,54.26,2.63
2021-COGFX-210168,9615,205.51999999999998,3.33
2021-COWRD-000178,9622,102.51000000000002,3.45
2021-AZPNF-000863,9624,161.29,2.7900000000000005
2021-AZPNF-000860,9625,161.29,2.7900000000000005
2021-AZPNF-000846,9626,145.15999999999997,0.89
2021-AZPNF-000850,9627,102.85000000000001,1.17
2021-AZPNF-000845,9628,145.15999999999997,0.89
2021-UTSES-000160,9630,127.36,2.1100000000000003
2021-CAMVU-011189,9633,70.97,0.0
2021-AZASF-000662,9651,91.68,1.24
2021-NMCIF-000274,9653,67.64999999999999,2.98
2021-OR981S-210215,9654,181.59,6.91
2021-COLPX-000508,9661,136.16000000000003,3.8
2021-AZFTA-000668,9664,94.13,2.66
2021-UTRID-210212,9668,126.78000000000002,3.4299999999999997
2021-NMSNF-000208,9669,140.74,3.58
2021-COSUA-000502,9672,136.16000000000003,3.8
2021-AZCRD-000876,9677,40.449999999999996,0.6599999999999999
2021-AZPNF-000877,9690,145.15999999999997,0.89
2021-CACDD-009752,9695,17.22,0.6599999999999999
2021-NMN5S-000304,9698,162.01,1.24
2021-AZA3S-001033,9699,55.07,0.15
2021-AZASF-000673,9700,140.46999999999997,3.67
2021-UTMOD-000169,9701,152.60000000000002,1.9800000000000002
2021-AZA5S-001024,9703,102.85000000000001,1.17
2021-UTUOA-100121,9705,141.67999999999998,3.63
2021-COMFX-000192,9706,66.52,4.14
2021-UTSES-000172,9707,143.78,2.3200000000000003
2021-COUMA-000487,9708,102.48,2.54
2021-AZASF-000682,9709,91.68,1.24
2021-WYMRF-000195,9714,226.29999999999998,5.0600000000000005
2021-COWRF-210187,9715,237.41999999999996,13.760000000000002
2021-COSUA-000524,9717,136.16000000000003,3.8
2021-AZASD-000332,9719,53.36,0.51
2021-NMN3S-000455,9723,62.15,2.77
2021-UTSES-000175,9724,152.60000000000002,1.9800000000000002
2021-NMGNF-000457,9725,51.47,0.41
2021-AZA5S-001041,9732,102.85000000000001,1.17
2021-AZTNF-001529,9733,140.46999999999997,3.67
2021-ORMED-000144,9735,520.26,0.9
2021-OR981S-210219,9742,313.53,7.209999999999999
2021-AZCOF-000692,9743,140.46999999999997,3.67
2021-COPAX-000756,9745,200.16,5.46
2021-AZTCA-000581,9746,55.21,1.33
2021-NVCCD-030323,9747,86.0,1.1800000000000002
2021-NVLAP-500840,9748,55.21,1.33
2021-COGRD-210189,9750,129.42,2.75
2021-AZPHD-000900,9752,83.42999999999999,0.32
2021-CAMDF-000575,9758,183.94,5.1000000000000005
2021-CAMDF-000580,9768,140.78,5.12
2021-NVECFX-010104,9774,179.88,2.68
2021-CAMDF-000588,9792,179.24,7.13
2021-NVCCD-030328,9794,84.69999999999999,1.6099999999999999
2021-NMN6S-000280,9796,65.53,1.24
2021-COGMF-000127,9801,156.57999999999998,5.9399999999999995
2021-CAMDF-000597,9809,140.78,5.12
2021-UTBRS-000349,9818,103.61,2.78
2021-OR982S-210253,9819,181.59,6.91
2021-NMN6S-000284,9826,65.53,1.24
2021-AZBWR-000917,9827,27.16,0.19
2021-NMGNF-000471,9846,58.35000000000001,1.98
2021-AZASD-000350,9855,53.36,0.51
2021-AZCRD-000919,9863,57.28,0.66
2021-CASHF-000949,9866,327.5900000000001,6.69
2021-CASTF-001280,9880,325.35999999999996,11.57
2021-CACDD-009987,9886,49.77,0.02
2021-COUPD-000138,9894,159.85,3.68
2021-CAENF-018046,9914,325.35999999999996,11.57
2021-OR981S-210278,9918,181.59,6.91
2021-NMN1S-000272,9921,99.16,2.72
2021-OR981S-210279,9930,181.59,6.91
2021-AZCRD-000949,9937,15.649999999999999,0.21
2021-UTSWS-000361,9939,78.56,4.34
2021-UTMOD-000202,9944,149.4,2.01
2021-CALNF-003531,9954,386.03,9.049999999999999
2021-AZGID-000532,9959,66.8,0.5800000000000001
2021-COUPD-000146,9960,159.85,3.68
2021-AZTNF-001661,9974,64.63999999999999,0.3
2021-NVELD-040066,9983,46.86,0.62
2021-AZASF-000727,9990,66.8,0.5800000000000001
2021-AZFTA-000726,9991,86.12,3.56
2021-CAKNF-005169,9998,333.12999999999994,8.66
2021-AZCRD-000980,10004,72.02,0.5599999999999999
2021-AZSCA-001674,10007,61.31999999999999,0.56
2021-AZSCA-001676,10009,86.85,0.77
2021-CAPNF-000997,10023,386.03,9.049999999999999
2021-NVHTF-030356,10039,325.35999999999996,11.57
2021-AZPMA-001660,10047,41.19,0.0
2021-UTCCD-000375,10051,79.33000000000001,2.11
2021-AZGID-000536,10060,46.75000000000001,0.11
2021-NVNTE-500907,10062,30.810000000000002,0.72
2021-UTCCD-000384,10063,54.26,2.63
2021-NVWNA-020109,10069,138.55999999999997,3.6399999999999992
2021-AZTNF-001709,10073,64.63999999999999,0.3
2021-AZTNF-001713,10077,64.63999999999999,0.3
2021-AZTNF-001699,10080,83.42999999999999,0.32
2021-NVSND-500910,10081,30.810000000000002,0.72
2021-NVNTE-500912,10084,30.810000000000002,0.72
2021-AZTNF-001724,10094,101.58,2.0500000000000003
2021-CASHF-000982,10098,410.33000000000004,7.499999999999999
2021-AZGID-000553,10101,52.19,0.19
2021-AZTNF-001729,10105,101.58,2.0500000000000003
2021-UTBRS-000400,10106,134.42,5.74
2021-CAPNF-001010,10107,273.52,5.579999999999999
2021-NVHTF-030371,10110,186.37000000000003,4.539999999999999
2021-AZPNF-001008,10112,62.739999999999995,0.09
2021-NVCCD-030370,10114,234.55999999999997,7.299999999999999
2021-NVCCD-030374,10117,86.0,1.1800000000000002
2021-AZPNF-001015,10119,129.81,0.5900000000000001
2021-AZSCA-001679,10121,81.2,1.9600000000000002
2021-CANOD-003631,10122,59.329999999999984,2.26
2021-AZTNF-001730,10128,83.42999999999999,0.32
2021-AZTNF-001738,10129,97.1,1.4300000000000002
2021-IDSTF-000152,10134,120.0,2.88
2021-AZA5S-001154,10138,62.739999999999995,0.09
2021-AZTNF-001740,10140,168.76,0.3
2021-AZGID-000557,10142,180.97000000000003,0.19
2021-AZSCA-001703,10146,81.2,1.9600000000000002
2021-AZTNF-001698,10154,83.42999999999999,0.32
2021-AZTNF-001700,10155,83.42999999999999,0.32
2021-NMZUA-000298,10162,151.77,2.2499999999999996
2021-AZA5S-001152,10163,145.15999999999997,0.89
2021-NVHTF-030385,10165,207.21,5.98
2021-NMZUA-000300,10166,151.77,2.2499999999999996
2021-UTSLD-000411,10179,120.0,2.88
2021-IDTFD-000164,10190,147.51999999999998,3.17
2021-NVCCD-030394,10191,207.21,5.98
2021-CAYNP-000057,10192,292.69,7.34
2021-UTFIF-210260,10198,124.32,2.41
2021-COGRD-210213,10201,225.71999999999997,4.08
2021-UTNES-100148,10216,84.34,3.23
2021-AZASF-000754,10217,275.90999999999997,3.67
2021-CAPNF-001046,10218,208.5,4.259999999999999
2021-AZASF-000721,10220,88.65,2.11
2021-NVCCD-030397,10221,91.52999999999999,1.1800000000000002
2021-NVWID-020122,10225,69.35000000000001,2.84
2021-NVCCFX-030396,10226,207.21,5.98
2021-UTCCD-000409,10229,144.46,1.9100000000000001
2021-NVHTF-030408,10241,154.01,3.25
2021-IDTFD-000173,10242,97.53999999999999,1.7700000000000002
2021-IDTFD-000174,10254,721.67,0.0
2021-NMCIF-000304,10266,194.72,1.4400000000000002
2021-CABDF-010482,10294,55.9,0.13
2021-ORVAD-000121,10327,125.14000000000001,3.33
2021-CASHF-001013,10336,345.02000000000004,6.179999999999999
2021-UTSWS-000418,10337,139.03,1.74
2021-NVHTF-030419,10341,284.19,9.59
2021-UTCCD-000419,10364,139.26,3.65
2021-CAMDF-000781,10365,157.3,5.15
2021-ORFWF-210321,10415,159.73000000000002,4.930000000000001
2021-AZASF-000793,10420,209.02000000000004,1.24
2021-NVHTF-020127,10440,110.16,3.0900000000000003
2021-COMFX-000249,10446,260.13000000000005,5.3500000000000005
2021-AZASF-000801,10448,227.47000000000003,2.66
2021-CAINF-001607,10450,212.32,4.010000000000001
2021-UTSCS-210279,10453,129.7,3.15
2021-AZFTA-000802,10454,227.47000000000003,2.66
2021-NMCIF-000313,10455,140.83999999999997,1.65
2021-AZTNF-001802,10457,220.20999999999998,1.4300000000000002
2021-AZTNF-001803,10458,168.76,0.3
2021-UTBRS-000462,10465,157.25999999999996,4.03
2021-NVELD-040087,10481,123.69,2.14
2021-AZA5S-001239,10488,277.30999999999995,0.89
2021-WYMRF-000260,10500,278.78,9.92
2021-AZA4S-001247,10502,64.44,0.0
2021-CAANF-002503,10506,66.39,0.0
2021-COLSD-000257,10508,125.07,3.2199999999999998
2021-WYRSD-210338,10509,88.96000000000001,2.5399999999999996
2021-COSUA-000681,10510,181.56,3.1399999999999997
2021-CAMDF-000839,10516,128.56,2.99
2021-WYRAD-210339,10517,190.90999999999997,5.0200000000000005
2021-NVHTF-030444,10519,207.21,5.98
2021-AZTNF-001883,10521,220.20999999999998,1.4300000000000002
2021-AZASD-000442,10523,134.15,1.97
2021-NMGNF-000542,10524,157.46,1.6400000000000001
2021-UTSWS-000443,10525,148.9,1.4299999999999997
2021-AZTNF-001897,10526,168.76,0.3
2021-NMCIF-000317,10528,194.72,1.4400000000000002
2021-AZASD-000444,10534,128.14000000000001,1.02
2021-AZASD-000446,10542,117.25999999999999,0.66
2021-AZASD-000447,10543,117.25999999999999,0.66
2021-AZCRD-001143,10547,80.41,0.19
2021-CAKNP-000053,10549,204.99999999999997,9.87
2021-AZPHD-001150,10564,185.89,0.32
2021-CAENF-019850,10569,296.12,6.000000000000001
2021-NMFAD-000324,10573,211.06,3.7600000000000002
2021-NMGNF-000564,10576,182.5,2.8000000000000003
2021-AZTCA-000680,10592,110.63,0.6
2021-NMN1S-000331,10593,181.56,3.1399999999999997
2021-AZTNF-001921,10602,185.89,0.32
2021-AZTNF-001913,10603,168.76,0.3
2021-AZCRD-001176,10608,59.04,0.21
2021-AZA3S-001276,10609,200.91,0.23
2021-CASHF-001067,10619,275.43,6.680000000000001
2021-UTSCS-210291,10621,124.32,2.41
2021-NVHTF-030461,10624,161.37,3.88
2021-IDTFD-000203,10625,120.5,2.12
2021-AZA5S-001273,10626,110.44999999999999,0.6599999999999999
2021-AZPNF-001187,10630,252.26,1.23
2021-UTSWS-000462,10631,149.84,3.6799999999999997
2021-CALPF-001818,10634,129.65,0.09
2021-CAINF-001695,10641,183.49,1.2300000000000002
2021-NVELD-040092,10644,123.69,2.14
2021-NMGNF-000576,10649,182.5,2.8000000000000003
2021-NVELD-040093,10653,123.69,2.14
2021-NVELD-040095,10661,123.69,2.14
2021-AZASD-000474,10682,105.58,0.51
2021-OR981S-210331,10684,159.73000000000002,4.930000000000001
2021-NMCIF-000322,10687,157.56,1.4200000000000002
2021-AZTNF-001924,10693,185.89,0.32
2021-UTDIF-000477,10698,149.84,3.6799999999999997
2021-WYRSD-210365,10710,90.64,3.7199999999999998
2021-AZCRD-001206,10716,41.510000000000005,0.04
2021-COLSD-000273,10739,73.75,3.4800000000000004
2021-COSJD-000173,10758,226.72,2.7399999999999998
2021-CAENF-020301,10762,319.26,8.28
2021-CASTF-001632,10765,295.92,10.26
2021-IDSTF-000207,10778,116.03999999999999,2.22
2021-CAINF-001723,10790,204.99999999999997,9.87
2021-UTCCD-000505,10832,78.33,0.79
2021-UTUOA-100179,10842,145.66,1.32
2021-UTNWS-000537,10848,197.80999999999997,2.57
2021-AZPNF-000884,10851,102.85000000000001,1.17
2021-WYBTF-002109,10856,211.29,6.83
2021-AZASF-000870,10862,215.97000000000003,2.11
2021-AZASF-000867,10863,275.90999999999997,3.67
2021-IDCTF-000132,10867,186.97,3.6399999999999997
2021-COUMA-000756,10887,141.75,1.88
2021-COWRD-000294,10888,173.57999999999998,3.5599999999999996
2021-IDTFD-000219,10902,113.13,2.83
2021-NVNTE-501110,10922,60.400000000000006,0.72
2021-COWRD-000297,10924,173.57999999999998,3.5599999999999996
2021-COUMA-000772,10927,141.75,1.88
2021-CAPNF-001226,10932,208.5,4.259999999999999
2021-CANOD-004123,10936,112.95,4.25
2021-NVNTE-501118,10964,61.58,0.04
2021-UTMOD-000284,10973,152.48,1.35
2021-CANOD-004152,10989,35.14,2.3
2021-CAENF-021041,11008,284.19,9.59
2021-UTUOA-100189,11031,105.07,1.32
2021-UTBRS-000568,11032,120.5,2.12
2021-UTCCD-000543,11033,134.15,1.97
2021-ID2PN-000144,11105,185.71,3.67
2021-IDCAX-000230,11114,120.0,2.88
2021-CAKNP-000068,11121,155.29,7.64
2021-AZHVR-001294,11144,41.510000000000005,0.04
2021-COWRD-000315,11151,116.83,2.79
2021-UTCCD-000578,11162,149.84,3.6799999999999997
2021-CAPNF-001273,11181,303.27,7.069999999999999
2021-CAKNF-006078,11197,354.47,5.35
2021-COGRD-210281,11239,163.32,1.6600000000000001
2021-UTUWF-000602,11266,204.01999999999998,4.5600000000000005
2021-WYKRD-210422,11271,148.89,3.99
2021-NVHTF-030519,11302,161.37,3.88
2021-COWRD-000335,11317,220.23000000000002,2.67
2021-COWRD-000340,11325,87.92,2.6399999999999997
2021-NVELD-040165,11335,108.55,2.11
2021-NMZUA-000337,11339,151.77,2.2499999999999996
2021-CAMDF-001035,11355,157.3,5.15
2021-COGWD-210292,11398,228.85,4.4
2021-NVEKD-010202,11407,126.03999999999999,1.91
2021-WYBTF-002112,11427,211.29,6.83
2021-CANOD-004348,11432,112.95,4.25
2021-UTSWS-000650,11442,139.03,1.74
2021-CABEU-004376,11455,202.04,0.0
2021-CAKNP-000077,11484,204.99999999999997,9.87
2021-CAKNP-000079,11489,155.29,7.64
2021-UTBRS-000655,11494,146.99,5.08
2021-NMCAF-000427,11496,245.53999999999996,3.71
2021-COWRD-000358,11509,116.83,2.79
2021-ORRSF-000270,11524,354.47,5.35
2021-CASHF-001175,11527,399.52000000000004,3.7899999999999996
2021-COGMF-000253,11528,199.85,5.32
2021-CORBX-000360,11531,263.44,9.549999999999999
2021-CAPNF-001358,11539,208.5,4.259999999999999
2021-CAPNF-001359,11567,208.5,4.259999999999999
2021-CABDF-011645,11586,84.02,0.06
2021-CASHF-001181,11605,281.2,5.37
2021-COLPX-000977,11616,276.26,8.139999999999999
2021-NMJIA-000439,11631,239.59,4.85
2021-AZASD-000668,11632,105.58,0.51
2021-CASHF-001187,11636,402.16999999999996,8.81
2021-NVHTF-010213,11640,160.09,3.92
2021-NVEKD-010209,11641,184.57,2.02
2021-NVHTF-010208,11642,209.48000000000005,3.4299999999999997
2021-CORTX-000375,11645,233.64999999999998,7.930000000000001
2021-AZTNF-002104,11646,168.76,0.3
2021-WYCAX-210464,11660,188.14999999999998,3.49
2021-CASHF-001191,11668,572.68,2.1199999999999997
2021-CASRF-000650,11680,703.9,2.9299999999999997
2021-NMSNF-000309,11704,182.63,3.3699999999999997
2021-NMJIA-000443,11705,186.26999999999998,2.07
2021-CAKNF-006454,11709,154.20999999999998,4.28
2021-CASHF-001199,11725,154.20999999999998,4.28
2021-AZASF-000966,11733,276.95,1.67
2021-UTCCD-000700,11758,182.28,2.42
2021-ORMED-000342,11782,217.44000000000003,3.6300000000000003
2021-CASHF-001214,11784,220.28,1.41
2021-COSJF-001025,11815,278.1,6.06
2021-COSJF-001030,11820,214.05,2.08
2021-UTDIF-000706,11823,163.35999999999999,2.37
2021-IDTFD-000275,11825,102.02000000000001,1.04
2021-AZFTA-000978,11826,269.7,1.17
2021-AZFTA-000976,11828,271.13,0.73
2021-AZASF-000972,11829,271.84000000000003,1.33
2021-OR981S-210391,11834,113.07,3.36
2021-WYALX-210492,11837,225.07,4.56
2021-COLSD-000399,11838,107.34,2.4099999999999997
2021-COGMF-000273,11841,229.99,1.2700000000000002
2021-UTDIF-000711,11844,163.35999999999999,2.37
2021-WYRAD-210494,11847,225.07,4.56
2021-IDTFD-000290,11853,105.84000000000002,1.4300000000000002
2021-ORFWF-210401,11855,113.07,3.36
2021-CAMDF-001193,11864,116.10999999999999,2.5700000000000003
2021-CASHF-001233,11865,154.20999999999998,4.28
2021-CASHF-001235,11867,154.20999999999998,4.28
2021-COSJF-001044,11870,213.71999999999997,2.5500000000000003
2021-WYRSD-210505,11876,134.72,2.3
2021-UTDIF-000714,11879,187.31000000000003,1.13
2021-CAPNF-001496,11880,172.25,1.45
2021-NMCAF-000461,11882,230.95,2.39
2021-NMSNF-000346,11884,246.12,1.35
2021-CASCA-012008,11891,45.900000000000006,0.0
2021-UTMOD-000380,11892,137.04999999999998,0.76
2021-ID1BN-000192,11893,269.49,4.3100000000000005
2021-WYKRD-210507,11897,178.82,3.91
2021-CASHF-001239,11899,212.47,4.66
2021-CASTF-002084,11914,144.34,3.8
2021-CASTF-002083,11917,153.59,4.830000000000001
2021-AZA4S-001478,11918,134.09,0.0
2021-NMGNF-000654,11921,227.43,0.75
2021-COLRX-000581,11931,327.91999999999996,6.49
2021-UTSES-000391,11932,149.69,1.2
2021-ORRSF-000385,11942,403.43999999999994,1.4
2021-UTUOA-100230,11950,141.22,2.51
2021-UTBRS-000726,11954,188.64,2.9899999999999998
2021-UTSWS-000723,11956,194.43,3.6999999999999997
2021-UTUWF-000735,11957,251.45999999999998,1.83
2021-CAPNF-001487,11965,124.92,2.1100000000000003
2021-UTVLD-100237,11974,105.47,2.61
2021-NMSNF-000350,11976,272.0,2.2399999999999998
2021-UTFIF-210447,11992,177.89,2.8899999999999997
2021-ORFWF-210419,12000,126.75,3.6200000000000006
2021-ORLAD-210420,12001,102.70000000000002,2.12
2021-IDBOD-000905,12003,115.83999999999999,2.78
2021-UTBRS-000759,12032,188.64,2.9899999999999998
2021-UTNWS-000763,12043,251.45999999999998,1.83
2021-AZGCP-000063,12060,106.38999999999999,0.54
2021-CASQF-002758,12066,76.52999999999999,2.75
2021-UTCCD-000743,12073,171.79000000000002,1.1199999999999999
2021-UTSWS-000742,12076,167.76,1.27
2021-UTVLD-000408,12099,141.22,2.51
2021-AZFTA-001024,12102,269.7,1.17
2021-IDTWX-000325,12106,111.76,1.37
2021-IDSTF-000327,12109,111.76,1.37
2021-AZTNF-002127,12115,259.57000000000005,0.09
2021-ORVAD-000220,12116,101.41999999999999,4.34
2021-OR982S-210428,12127,113.07,3.36
2021-AZCOF-001019,12143,235.74,0.69
2021-UTCCD-000768,12147,120.94,0.47
2021-UTSWS-000766,12156,120.94,0.47
2021-UTCCD-000765,12160,120.94,0.47
2021-CALKR-001684,12164,136.35999999999999,3.57
2021-CABDU-012298,12218,39.800000000000004,0.04
2021-NVELD-040211,12225,106.16000000000001,0.13
2021-NMGNF-000685,12228,250.86,1.21
2021-NVNTE-501337,12245,49.6,0.49
2021-CASHF-001322,12306,186.88,2.6699999999999995
2021-CASHF-001323,12319,186.88,2.6699999999999995
2021-COWRD-000495,12336,191.45999999999998,3.07
2021-COWRD-000501,12352,191.45999999999998,3.07
2021-UTMOD-000455,12354,167.42000000000002,1.01
2021-COSJD-001172,12376,278.1,6.06
2021-CABDF-012814,12387,25.450000000000003,0.09
2021-COWRD-000512,12398,162.57,1.7100000000000002
2021-COGRD-210377,12400,162.57,1.7100000000000002
2021-CACNF-002791,12404,64.85,0.04
2021-COAUX-001182,12410,236.58,2.9600000000000004
2021-AZA3S-001558,12412,201.70999999999998,0.0
2021-CABDF-012858,12416,25.450000000000003,0.09
2021-WYMRF-000514,12418,312.08,5.71
2021-COLSD-000515,12419,141.23000000000002,2.86
2021-UTDIF-000792,12420,194.43,3.6999999999999997
2021-CASRF-000795,12421,325.27,1.06
2021-COWRD-000518,12426,191.45999999999998,3.07
2021-WYRSD-210592,12447,103.09,2.78
2021-AZTNF-002316,12448,271.84000000000003,1.33
2021-AZCRD-001500,12451,40.96,0.0
2021-AZASD-000798,12453,194.43,3.6999999999999997
2021-AZASD-000800,12454,120.94,0.47
2021-AZCRD-001502,12460,64.46,0.02
2021-COLSD-000521,12461,107.34,2.4099999999999997
2021-WYCAX-210596,12464,225.07,4.56
2021-NMCAF-000528,12497,235.27999999999997,1.3800000000000001
2021-NMCAF-000533,12515,235.27999999999997,1.3800000000000001
2021-COWRD-000533,12521,207.61999999999998,1.85
2021-NVCCD-030630,12523,30.709999999999997,0.41000000000000003
2021-ORFWF-210452,12534,84.32,1.5699999999999998
2021-CAKNF-007809,12540,133.01,1.4
2021-CAKNP-000116,12565,61.39,2.0
2021-CAKNP-000118,12571,61.39,2.0
2021-CAKNP-000119,12572,61.39,2.0
2021-UTNWS-000865,12581,202.59,1.04
2021-COSJF-001239,12583,231.01,1.1600000000000001
2021-AZKNF-001087,12594,166.3,0.81
2021-NMN6S-000358,12600,177.01000000000002,0.36
2021-WYMRF-210620,12605,280.6,4.029999999999999
2021-AZASD-000818,12611,164.95000000000002,0.66
2021-NVELD-040233,12650,121.6,0.97
2021-COLRX-000767,12651,315.96,5.22
2021-NMGNF-000655,12655,228.48000000000002,0.8999999999999999
2021-WYWBD-000424,12657,247.58,2.7300000000000004
2021-ORLAD-210460,12658,99.69999999999999,1.1700000000000002
2021-COWRF-210401,12665,258.48,4.169999999999999
2021-CASRF-000869,12669,220.10000000000002,0.45
2021-NMGNF-000717,12680,275.73,0.26
2021-NVHTF-040234,12682,148.73000000000002,1.6400000000000001
2021-CASNF-001628,12692,104.27,3.2
2021-CACDD-013802,12696,43.989999999999995,0.02
2021-COWRF-210407,12697,300.92999999999995,6.4399999999999995
2021-IDUSL-000253,12698,139.76000000000002,1.05
2021-CACDD-013822,12709,21.31,0.3
2021-AZIMR-001563,12749,34.489999999999995,0.0
2021-CAENF-028647,12760,120.78999999999999,1.76
2021-UTNES-100307,12785,128.70999999999998,1.9500000000000002
2021-COWRF-210417,12786,300.92999999999995,6.4399999999999995
2021-ORLAD-210472,12835,137.88,0.65
2021-UTUWF-000918,12846,293.09000000000003,3.06
2021-CAPNF-002868,12851,298.04999999999995,0.99
2021-AZIMR-001586,12860,35.94,0.0
2021-CALPF-002759,12884,39.78,0.0
2021-CAINF-002723,12896,67.75,0.10999999999999999
2021-CAMDF-002888,12910,165.43,0.44999999999999996
2021-CATNF-002097,12911,314.74,1.31
2021-NVSND-501661,12917,88.91000000000001,0.0
2021-NMN2S-000571,12965,298.42999999999995,0.5800000000000001
2021-AZCRA-001619,12966,32.86,0.0
2021-NMN6S-000414,13011,192.13999999999996,0.05
2021-NVCLRX-501770,13028,52.559999999999995,0.0
2021-NMN3S-000757,13031,196.22000000000003,0.0
2021-AZCNF-000923,13039,318.55,0.0
2021-COLRX-000946,13044,271.71000000000004,3.0300000000000002
2021-NVEFKX-030736,13049,163.54000000000002,1.08
2021-AZA1S-001778,13050,265.53,0.0
2021-AZCOF-001201,13059,330.82,0.02
2021-NMSPA-000390,13061,162.65,0.0
2021-CACDD-017681,13087,24.890000000000004,0.0
2021-AZPNF-001675,13093,298.1,0.0
2021-AZCRA-001680,13110,31.929999999999996,0.0
2021-WYALX-210689,13119,222.38,2.04
2021-COGRX-000596,13121,317.62,2.76
2021-COCCX-000977,13122,258.43,1.8800000000000001
2021-NMZUA-000401,13143,257.80999999999995,0.48
2021-NMN5S-000432,13162,340.03,0.17
2021-NMLNF-000435,13165,358.16,0.12
