ID,sum_rain,sum_snow
1,84.37,1.32
5,10.54,0.0
10,68.55,0.66
12,700.02,14.17
15,295.30999999999995,0.66
19,200.39999999999998,5.28
20,100.19,0.66
22,52.73,0.0
24,15.82,0.0
32,73.82,0.66
35,89.63999999999999,0.66
37,31.64,0.0
44,79.10000000000001,1.32
53,42.18,0.0
54,152.93,2.64
58,340.03,0.17
60,100.19,1.32
62,152.93,3.3000000000000003
71,15.82,0.0
75,42.18,0.0
85,89.63999999999999,0.66
87,195.12,1.98
90,79.09,0.66
93,10.54,1.32
101,58.010000000000005,1.98
115,31.64,0.0
120,116.00999999999999,1.98
128,21.1,0.0
132,147.65,2.64
134,168.75,1.32
138,42.18,0.0
141,58.010000000000005,1.98
143,110.72999999999999,1.98
145,94.92,1.32
154,52.730000000000004,0.66
155,31.64,0.0
157,126.55,1.98
166,31.64,0.0
178,94.91999999999999,1.32
180,52.730000000000004,0.0
185,42.18,0.0
186,110.73,0.66
192,94.92,1.32
195,110.73999999999998,2.64
196,42.18,0.0
202,36.92,0.0
203,15.82,1.32
207,15.82,0.0
211,100.2,1.98
213,26.37,0.0
215,21.09,0.0
233,137.1,1.98
246,110.73999999999998,2.64
248,52.72,0.0
254,73.82,0.66
260,158.2,3.96
269,42.18,0.0
270,52.72,0.0
271,63.269999999999996,0.0
273,68.55,0.66
280,116.00999999999999,1.98
286,147.65000000000003,2.64
297,84.37,0.0
298,42.18,0.0
301,10.55,0.0
306,10.54,0.0
319,100.19999999999999,0.0
326,126.55999999999999,3.3
329,31.64,0.0
335,89.63999999999999,0.66
342,58.010000000000005,0.0
390,47.459999999999994,0.0
394,21.09,0.0
396,21.1,0.0
405,10.54,0.0
407,31.64,0.66
415,42.18,0.0
421,21.09,0.0
422,21.09,0.0
427,105.46999999999998,2.64
430,116.00999999999999,1.32
432,131.82999999999998,3.3000000000000003
436,36.91,0.0
448,31.64,0.0
458,94.92,1.32
460,295.30999999999995,0.66
461,42.18,0.0
468,5.27,1.32
469,42.18,0.0
485,163.47,5.28
486,36.91,0.66
495,31.64,0.0
505,26.37,0.0
510,58.0,0.0
519,58.0,0.66
521,369.51000000000005,0.05
522,31.64,0.0
527,68.55,0.0
528,0.0,0.0
530,84.38,1.32
535,84.37,1.98
540,36.91,0.0
550,147.66,0.66
551,116.0,3.3000000000000003
554,79.09,0.0
558,100.19999999999999,0.0
559,31.64,0.0
567,84.36999999999999,0.66
569,36.91,0.0
583,10.54,0.0
584,68.55,0.66
585,89.64999999999999,1.98
588,116.02,0.0
597,0.0,0.0
602,21.09,0.0
603,52.730000000000004,1.32
606,58.010000000000005,1.98
607,94.91999999999999,1.32
609,36.91,0.66
618,47.44,0.0
621,94.91999999999999,1.32
624,36.91,0.0
625,31.64,0.0
626,79.1,1.32
631,84.37,0.66
634,47.46,1.32
662,184.56,7.26
676,79.10000000000001,1.32
680,131.83999999999997,1.32
685,131.83999999999997,1.32
691,21.09,0.0
698,42.18,0.0
700,126.55999999999999,3.96
716,26.36,0.0
731,126.56,4.62
737,137.11,0.66
741,63.269999999999996,0.0
750,174.02,3.96
754,89.63999999999999,1.98
763,42.18,0.0
772,105.46,1.32
778,369.51000000000005,0.05
785,31.64,0.0
797,369.51000000000005,0.05
800,195.12,2.64
803,26.36,0.66
804,116.00999999999999,1.32
811,79.1,0.66
814,105.46,1.32
823,79.1,0.0
825,163.47,5.28
827,5.27,0.0
832,68.55,0.66
841,94.92,1.32
846,168.75,1.32
854,26.37,0.0
856,47.459999999999994,0.0
865,42.19,1.32
867,21.09,0.0
868,21.09,0.0
883,21.09,0.0
893,42.18,0.0
901,42.19,1.32
910,137.1,1.98
911,79.1,2.64
922,174.02,3.96
937,137.1,1.98
938,31.64,0.0
947,68.55,0.0
949,10.54,0.0
957,42.18,0.0
963,0.0,0.0
967,0.0,0.0
971,26.36,1.32
973,42.18,0.0
974,142.38,3.3
979,110.73999999999998,1.32
982,94.91999999999999,3.96
986,47.46,1.32
995,31.64,0.0
999,15.82,0.66
1015,549.0600000000001,9.33
1019,63.27999999999999,0.66
1025,58.0,2.64
1031,68.53999999999999,1.32
1033,36.91,0.66
1039,168.75,4.62
1049,147.65,3.96
1053,10.54,0.0
1057,42.19,0.0
1061,26.36,0.66
1074,94.91999999999999,1.32
1086,137.1,0.66
1089,174.02,3.96
1096,121.28999999999999,1.32
1109,0.0,0.0
1122,31.64,0.0
1131,94.91,0.0
1137,94.91,2.64
1139,105.46,1.32
1141,52.72,3.3
1144,100.19999999999999,0.0
1148,94.91999999999999,3.96
1149,31.64,0.0
1158,10.55,0.0
1164,0.0,0.0
1166,42.18,0.0
1175,58.010000000000005,1.98
1184,42.18,0.0
1185,126.56,5.28
1196,0.0,0.0
1204,31.63,1.32
1205,163.48000000000002,2.64
1206,42.18,0.0
1208,131.83999999999997,1.32
1212,10.54,0.0
1217,110.73,0.66
1231,84.38,0.66
1237,94.92,1.32
1247,158.2,3.96
1257,31.64,0.0
1261,205.66,4.62
1265,15.82,1.32
1271,47.46,0.66
1277,89.63999999999999,0.66
1280,10.54,0.0
1290,94.91999999999999,1.32
1298,31.64,0.0
1307,63.269999999999996,0.0
1315,94.91999999999999,1.32
1317,21.09,0.0
1320,105.47,0.66
1327,94.91999999999999,3.96
1331,26.37,0.0
1351,31.64,0.0
1357,671.26,13.450000000000001
1360,47.459999999999994,0.0
1363,10.54,0.0
1377,105.46999999999998,2.64
1381,116.00999999999999,1.98
1389,31.64,0.0
1391,110.72999999999999,1.98
1394,142.38,4.62
1404,36.91,0.0
1405,58.010000000000005,0.0
1410,84.38,1.32
1414,152.93,2.64
1420,94.92,1.32
1429,52.73,0.0
1434,42.18,0.0
1435,42.18,0.0
1437,21.09,0.0
1445,232.01999999999998,1.98
1451,63.290000000000006,0.66
1456,89.63999999999999,1.32
1457,147.66,1.98
1468,147.66,1.98
1472,52.72,0.0
1473,42.18,0.0
1478,21.09,0.66
1488,84.37,0.0
1491,31.64,0.0
1496,31.64,0.0
1504,213.11,0.03
1508,79.1,2.64
1510,142.38,3.3
1516,10.54,0.0
1518,0.0,0.0
1527,152.93,2.64
1529,63.28,0.0
1548,105.46999999999998,2.64
1551,15.82,0.0
1552,94.91,0.0
1566,26.37,0.0
1575,110.72999999999999,1.98
1584,84.37,1.98
1589,94.91999999999999,0.66
1594,21.09,0.0
1596,186.11000000000004,0.0
1604,73.82,0.66
1605,131.82999999999998,1.98
1613,147.65,1.32
1620,47.459999999999994,0.0
1631,195.12,1.98
1636,52.72999999999999,0.66
1655,131.82999999999998,3.3000000000000003
1670,21.08,1.98
1672,358.6,0.66
1674,5.27,0.0
1677,84.36999999999999,1.32
1682,321.34000000000003,0.0
1686,42.18,0.0
1692,100.2,0.66
1699,232.01999999999998,1.98
1713,105.47,1.98
1720,126.55999999999999,3.3
1729,110.74,0.66
1736,42.18,0.0
1739,100.2,0.66
1740,110.74999999999999,0.66
1750,47.44999999999999,1.32
1751,21.1,0.0
1775,31.64,0.66
1777,110.73,0.66
1779,31.64,0.0
1780,84.37,1.98
1789,369.51000000000005,0.05
1792,58.0,0.66
1804,21.09,0.0
1807,31.64,0.0
1808,42.19,0.0
1815,42.18,0.0
1818,79.1,0.0
1822,42.17999999999999,0.0
1829,26.36,0.0
1831,79.10000000000001,1.32
1839,0.0,0.0
1840,26.37,0.0
1843,31.64,0.0
1850,52.72999999999999,0.66
1858,10.54,0.0
1864,10.54,0.0
1868,31.64,0.0
1871,94.92,1.32
1875,79.08999999999999,0.66
1878,126.56,2.64
1903,15.82,1.32
1912,131.84,1.32
1914,36.91,0.66
1929,21.09,0.0
1932,174.02,3.96
1933,36.91,0.0
1937,94.91999999999999,0.66
1945,42.18,0.0
1948,21.09,0.0
1952,52.730000000000004,0.66
1954,26.36,0.0
1972,89.65,0.0
1983,21.1,0.0
1986,94.92,1.32
1988,100.2,0.66
2002,79.1,1.32
2004,79.08999999999999,0.66
2008,47.45,1.32
2011,89.63999999999999,0.66
2012,36.91,0.0
2019,152.93,2.64
2020,137.09,3.3000000000000003
2021,21.08,1.98
2026,94.91999999999999,1.32
2027,94.92,1.32
2029,10.54,1.32
2032,31.64,0.0
2037,126.56,4.62
2041,21.1,0.0
2043,21.09,0.0
2044,94.92,1.32
2050,68.55,0.0
2051,110.73999999999998,2.64
2054,15.82,0.0
2065,15.82,0.0
2077,42.18,0.0
2078,26.37,0.0
2086,58.0,0.66
2092,36.92,0.0
2093,0.0,0.66
2094,131.83999999999997,1.32
2097,105.47,1.98
2106,0.0,0.0
2107,31.64,0.0
2121,47.459999999999994,0.0
2136,36.91,0.0
2142,0.0,0.0
2148,68.55,0.66
2150,68.55,0.0
2153,370.39000000000004,0.06
2154,79.1,0.66
2176,47.459999999999994,0.0
2177,142.37,4.62
2179,68.55000000000001,0.0
2188,26.37,0.0
2196,298.24999999999994,2.23
2207,10.54,0.0
2214,0.0,0.0
2227,31.64,0.0
2230,100.19,1.32
2232,5.27,1.32
2242,31.64,0.0
2243,26.37,0.0
2247,47.459999999999994,0.0
2251,126.55999999999999,3.96
2253,10.54,1.32
2258,94.92,1.32
2261,131.82999999999998,1.98
2264,31.64,0.0
2265,142.36999999999998,1.32
2266,131.84,1.32
2270,42.18,0.0
2274,137.09,3.3000000000000003
2277,142.37,4.62
2281,10.54,0.0
2282,58.0,0.0
2289,26.37,0.0
2295,0.0,1.32
2296,21.09,0.0
2298,36.91,0.0
2305,110.74000000000001,0.66
2319,58.0,0.0
2337,31.64,0.0
2338,116.0,1.32
2339,58.0,0.66
2341,94.91999999999999,0.66
2351,0.0,1.32
2367,36.91,0.66
2370,79.1,0.0
2372,79.1,0.0
2374,116.00999999999999,1.32
2381,42.18,0.0
2385,94.92,1.32
2392,31.64,0.0
2394,121.28999999999999,3.3
2398,116.00999999999999,0.66
2400,126.56,5.28
2402,42.18,0.0
2408,116.00999999999999,1.98
2421,31.64,0.66
2425,26.37,0.0
2430,31.64,0.0
2437,52.72,0.0
2439,116.0,1.32
2444,89.63999999999999,0.66
2462,126.55999999999999,3.3
2470,131.82999999999998,1.98
2475,147.65,2.64
2480,89.63999999999999,0.66
2486,131.83,1.32
2493,31.64,0.0
2502,21.09,0.66
2506,26.37,0.0
2513,94.91999999999999,1.32
2518,42.18,0.0
2528,68.55,2.64
2539,79.10000000000001,1.32
2546,26.37,0.0
2550,21.09,0.0
2560,26.36,0.0
2563,26.37,0.0
2570,42.18,0.0
2576,42.18,0.0
2588,147.66,0.66
2595,369.51000000000005,0.05
2601,63.28,1.98
2604,36.91,0.66
2611,42.18,0.0
2612,63.269999999999996,0.0
2626,26.37,0.0
2627,100.19,1.98
2628,26.37,0.0
2632,369.51000000000005,0.05
2639,79.1,0.0
2642,31.64,0.0
2646,73.82,0.66
2657,105.47,0.66
2674,152.93,3.3000000000000003
2679,31.64,0.0
2682,42.19,0.0
2686,184.56,7.26
2688,31.64,0.0
2690,63.28,0.0
2700,195.12,1.98
2703,31.64,0.0
2705,31.64,0.0
2709,42.19,0.0
2715,10.54,0.0
2730,0.0,0.0
2735,42.18,0.0
2753,31.64,0.0
2757,147.66,0.66
2759,369.51000000000005,0.05
2762,10.54,0.0
2772,205.66,4.62
2773,31.64,0.0
2776,105.47,0.0
2783,79.1,0.0
2790,0.0,0.0
2796,68.55,0.0
2807,15.82,0.66
2815,42.18,0.0
2854,47.46,0.0
2856,68.55000000000001,0.0
2857,89.63999999999999,1.98
2860,131.83,1.32
2861,89.63999999999999,0.66
2868,158.2,1.32
2875,105.47,0.66
2891,26.37,0.0
2892,15.82,0.66
2898,52.72,2.64
2899,42.18,0.0
2903,21.09,0.66
2905,110.74,0.66
2910,31.64,0.0
2911,47.459999999999994,0.0
2912,21.09,0.0
2913,94.91999999999999,1.32
2915,100.19999999999999,0.0
2916,15.82,0.0
2924,58.010000000000005,1.98
2928,21.09,0.0
2931,0.0,0.0
2935,52.73,0.0
2948,42.18,0.0
2952,100.19,0.66
2954,94.92,1.32
2963,5.27,0.0
2965,116.01999999999998,2.64
2966,84.37,0.66
2967,89.64999999999999,1.98
2969,26.37,0.0
2976,178.9,0.0
2987,163.57,0.02
2993,84.37,0.0
2994,31.64,0.0
3002,126.56,2.64
3009,243.40000000000003,0.77
3022,105.46,0.66
3031,42.18,0.0
3044,21.1,0.0
3047,42.18,0.0
3055,116.0,1.32
3059,42.18,0.0
3060,110.74,0.66
3071,63.290000000000006,0.66
3080,41.93,0.0
3088,63.28,1.98
3093,36.91,0.0
3099,0.0,0.0
3102,284.77,0.0
3105,36.91,0.0
3112,21.1,0.0
3115,26.36,0.66
3116,110.73999999999998,1.32
3122,15.82,0.66
3129,26.36,0.66
3140,63.290000000000006,0.66
3142,105.46,0.66
3146,147.65,1.32
3147,137.1,1.98
3151,205.66,4.62
3152,10.54,0.0
3153,100.19999999999999,0.0
3154,26.37,0.0
3171,21.09,0.0
3175,47.459999999999994,0.0
3182,21.09,0.0
3189,79.1,0.0
3201,58.010000000000005,0.0
3202,105.46999999999998,2.64
3219,47.44999999999999,1.98
3220,21.09,0.0
3227,213.11,0.03
3230,84.37,0.0
3245,79.11,1.32
3249,142.38,4.62
3253,10.54,0.0
3258,131.83999999999997,1.32
3260,105.47,0.66
3265,100.18999999999998,3.3
3267,0.0,0.0
3282,0.0,0.0
3283,26.37,0.0
3284,73.82,0.66
3299,42.18,0.0
3308,370.39000000000004,0.06
3317,82.71,0.0
3319,42.17999999999999,0.0
3330,42.18,0.0
3334,116.00999999999999,1.98
3338,21.1,0.0
3341,94.91999999999999,3.96
3348,31.64,0.0
3349,168.75,3.96
3359,68.55,0.66
3362,58.010000000000005,0.0
3364,42.18,0.0
3367,0.0,0.0
3373,31.64,0.0
3376,26.37,0.0
3387,100.19,1.98
3388,26.37,0.0
3390,121.28,3.96
3393,26.37,0.0
3394,195.12,1.98
3402,110.74000000000001,0.66
3406,100.19999999999999,0.0
3418,84.37,0.0
3424,21.08,1.98
3438,105.46,1.32
3451,21.1,0.0
3452,142.37,4.62
3461,94.91,1.32
3463,253.86,0.0
3465,42.18,0.0
3474,89.63999999999999,0.66
3476,31.64,0.0
3479,379.44,0.0
3485,126.56,5.28
3493,94.92,1.32
3495,58.010000000000005,1.98
3501,68.55,0.0
3510,163.48000000000002,2.64
3512,42.18,0.0
3519,31.63,1.32
3520,189.84,5.9399999999999995
3521,47.459999999999994,0.0
3528,26.37,0.66
3534,0.0,0.0
3540,5.27,0.0
3547,42.19,0.0
3550,31.64,0.0
3555,52.730000000000004,1.32
3557,94.91999999999999,0.66
3563,126.56,5.28
3571,21.09,0.66
3583,21.09,0.0
3586,15.82,0.0
3591,94.92,1.32
3601,31.64,0.0
3603,63.269999999999996,0.0
3606,42.18,0.0
3607,195.12,1.98
3609,26.37,0.0
3617,42.19,0.0
3620,131.83,1.32
3623,10.54,1.32
3640,26.37,0.0
3641,26.37,0.0
3644,369.51000000000005,0.05
3656,42.18,0.0
3661,42.18,0.0
3673,47.459999999999994,1.32
3675,152.92999999999998,1.32
3679,116.0,1.32
3684,126.57,5.279999999999999
3689,52.730000000000004,0.66
3691,110.72999999999999,1.98
3694,0.0,0.0
3715,131.83999999999997,1.32
3719,31.64,0.0
3721,205.66,4.62
3723,0.0,0.0
3726,73.81,0.66
3733,26.37,0.0
3738,126.55999999999999,5.28
3753,26.37,0.0
3754,73.83,1.32
3755,52.72,3.3
3758,116.00999999999999,0.66
3759,36.91,0.0
3772,100.19,1.32
3775,94.91999999999999,3.96
3784,36.91,0.0
3789,52.730000000000004,1.32
3791,47.459999999999994,1.32
3802,369.51000000000005,0.05
3807,42.18,0.0
3816,110.73999999999998,2.64
3820,274.21000000000004,3.3
3824,68.55,0.66
3826,26.36,1.32
3832,47.459999999999994,0.0
3853,116.0,2.64
3859,58.0,0.0
3873,79.1,0.0
3875,174.02,0.66
3876,89.63999999999999,0.66
3882,63.28,1.32
3900,58.010000000000005,0.0
3901,68.53999999999999,1.32
3903,198.09,0.16
3906,0.0,0.0
3925,100.19,0.66
3942,84.37,0.66
3943,36.91,0.0
3944,21.09,1.32
3947,31.64,0.0
3948,21.1,0.0
3950,84.37,1.32
3959,105.46000000000001,1.98
3969,31.64,0.66
3972,147.66,0.66
3977,26.37,0.0
3982,94.91999999999999,1.32
3987,42.19,1.32
3990,110.75,1.98
3993,84.36999999999999,1.32
3994,100.2,0.66
4023,94.92,0.0
4025,52.730000000000004,0.66
4026,0.0,0.0
4027,0.0,0.0
4028,37.660000000000004,0.0
4029,79.1,0.66
4030,42.18,0.0
4033,15.809999999999999,0.66
4039,68.55,0.0
4044,94.92,1.32
4045,31.64,0.0
4048,158.2,1.32
4049,147.65,3.96
4070,100.17999999999999,0.66
4073,42.18,0.0
4077,94.91,2.64
4081,26.36,0.66
4082,21.09,0.66
4085,84.36999999999999,0.66
4088,42.18,0.0
4091,152.93,2.64
4097,68.55,0.0
4101,158.2,1.32
4107,42.18,0.0
4112,68.55000000000001,1.98
4119,94.91999999999999,1.32
4125,10.54,0.0
4128,58.010000000000005,1.98
4132,94.91999999999999,1.32
4136,63.269999999999996,0.0
4146,5.27,0.0
4154,58.0,0.0
4157,21.09,0.0
4161,110.75,1.98
4168,52.73,0.0
4169,36.91,0.66
4178,137.10999999999999,1.98
4182,21.09,0.0
4184,79.10000000000001,1.32
4186,119.82000000000001,1.14
4197,26.36,1.32
4203,73.82,0.66
4207,142.38,3.3
4217,42.18,0.0
4220,10.54,0.0
4221,26.37,0.0
4226,26.37,0.0
4228,5.27,0.0
4246,131.82,1.98
4265,21.09,0.0
4271,0.0,0.0
4291,42.18,0.0
4296,10.54,0.0
4301,94.91999999999999,1.32
4313,31.64,0.0
4323,31.63,1.32
4326,58.010000000000005,1.98
4333,42.18,0.0
4345,94.91999999999999,3.96
4346,21.1,0.0
4352,79.10000000000001,1.32
4354,47.459999999999994,0.0
4362,94.91999999999999,1.32
4363,100.19,1.32
4370,126.55999999999999,3.3
4372,36.91,0.0
4379,137.10999999999999,0.0
4384,26.36,0.66
4385,0.0,0.0
4388,47.46,1.32
4391,42.18,0.0
4393,63.28,0.0
4398,42.18,0.0
4400,21.1,0.0
4404,100.19,2.64
4409,21.1,0.0
4414,42.18,0.0
4433,31.64,0.0
4444,36.91,0.0
4449,58.010000000000005,0.0
4454,26.36,1.32
4479,100.2,0.66
4494,137.1,1.98
4501,94.91999999999999,1.32
4511,147.65,3.96
4533,105.47,1.98
4548,10.54,1.32
4549,42.18,0.0
4550,63.269999999999996,0.0
4563,63.27999999999999,0.66
4564,63.28,0.66
4570,31.64,0.0
4582,94.92,1.32
4588,10.54,1.32
4589,195.12,1.98
4590,137.11,0.66
4592,0.0,0.0
4602,42.18,0.0
4609,73.82999999999998,0.0
4617,21.1,0.0
4621,52.73,0.0
4624,147.66,0.66
4630,195.12,1.98
4632,100.19,1.98
4634,369.51000000000005,0.05
4638,94.92,1.32
4639,131.82999999999998,0.0
4648,68.55,0.0
4652,105.47,0.66
4659,459.72,13.969999999999999
4660,147.65,3.3
4667,110.74,0.66
4672,58.010000000000005,0.0
4675,94.91999999999999,1.32
4676,84.37,1.98
4677,110.74,0.66
4686,42.18,0.0
4692,142.38,3.3
4694,42.18,0.0
4695,168.26,0.82
4701,10.54,0.0
4715,47.45,0.66
4722,47.46,0.0
4725,147.65,1.32
4726,15.82,1.32
4727,0.0,0.0
4735,42.18,0.0
4736,110.73999999999998,2.64
4746,0.0,0.0
4760,89.63999999999999,1.32
4763,79.1,0.66
4764,21.09,0.66
4768,52.730000000000004,0.66
4780,63.269999999999996,0.0
4789,195.12,2.64
4793,131.82999999999998,1.98
4800,42.18,0.0
4802,52.730000000000004,1.98
4804,68.53999999999999,1.32
4805,21.09,0.0
4806,147.65,5.94
4808,31.64,0.0
4813,26.37,0.0
4822,131.82999999999998,1.98
4824,89.64999999999999,1.98
4825,42.18,0.0
4833,105.47,1.98
4838,26.37,0.0
4853,110.74,0.66
4857,94.92,1.32
4863,116.0,3.3000000000000003
4886,100.19999999999999,0.0
4897,21.09,0.0
4906,369.51000000000005,0.05
4908,0.0,0.0
4923,73.82,0.66
4930,21.09,0.0
4942,21.09,0.66
4946,94.92,1.32
4950,121.28,1.32
4954,158.2,1.98
4956,52.73,0.0
4957,116.01999999999998,2.64
4958,100.19999999999999,0.0
4960,84.36999999999999,1.32
4964,26.36,0.0
4966,31.64,0.0
4967,10.54,0.0
4974,94.92,1.32
4975,94.92,1.32
4976,31.64,0.0
4980,42.18,0.0
4984,26.36,0.0
4998,100.18999999999998,2.64
5004,42.18,0.0
5013,94.92,1.32
5014,116.01999999999998,2.64
5017,131.84,1.32
5018,58.010000000000005,0.0
5023,42.18,0.0
5026,15.82,0.0
5031,84.38,1.32
5032,52.72,3.3
5048,158.20999999999998,1.98
5050,0.0,0.0
5062,42.18,0.0
5078,110.72999999999999,1.98
5091,47.46,0.66
5104,42.19,0.0
5112,26.37,0.0
5122,42.19,0.0
5127,116.01999999999998,2.64
5131,131.83,1.32
5132,82.71,0.0
5137,179.29000000000002,3.96
5139,31.64,0.0
5142,89.63999999999999,0.66
5148,511.50999999999993,0.0
5155,21.1,0.0
5156,184.56,7.26
5163,26.37,0.0
5165,42.18,0.0
5168,163.48000000000002,2.64
5169,47.46,1.32
5171,21.1,0.0
5175,10.54,0.0
5176,52.730000000000004,0.66
5185,5.27,0.0
5190,26.37,0.0
5191,126.55999999999999,3.3
5192,5.27,0.0
5195,63.279999999999994,2.64
5196,58.010000000000005,1.98
5219,105.46999999999998,2.64
5229,10.55,0.0
5250,195.12,2.64
5255,42.18,0.0
5259,73.81,0.66
5262,10.54,0.0
5264,147.64,3.3000000000000003
5269,63.28,1.98
5280,10.54,0.0
5281,31.64,0.0
5296,183.09,2.5300000000000002
5312,89.63999999999999,0.66
5313,89.65,0.0
5318,42.18,0.0
5322,21.1,0.0
5325,21.1,0.0
5332,137.10999999999999,1.98
5334,100.19,1.98
5337,5.27,0.0
5343,31.64,0.0
5344,15.82,0.0
5351,31.63,1.32
5358,21.09,0.66
5361,42.18,0.0
5364,137.11,0.66
5368,147.65,3.3
5374,42.18,0.0
5394,73.82,0.66
5397,63.269999999999996,0.0
5414,42.19,0.0
5417,195.12,2.64
5421,42.18,0.0
5430,203.33,0.0
5440,36.91,0.66
5441,137.09,3.3000000000000003
5455,137.1,1.98
5460,15.82,0.66
5468,58.0,0.0
5474,79.09,0.66
5475,121.28,1.98
5479,5.27,0.0
5494,73.81,0.66
5495,142.37,4.62
5497,63.28,0.0
5503,94.92,1.32
5505,142.38,3.3
5506,26.36,0.66
5507,100.19999999999999,0.0
5513,58.010000000000005,0.0
5515,94.91,2.64
5516,164.40999999999997,0.0
5517,420.65,2.64
5520,42.18,0.0
5524,100.2,1.98
5527,42.17999999999999,0.0
5530,63.28,0.66
5531,42.18,0.0
5532,31.64,0.0
5534,110.73,0.66
5537,42.19,1.32
5545,26.37,0.0
5552,110.72999999999999,1.98
5555,5.27,0.0
5558,294.40999999999997,4.09
5563,105.47,0.66
5570,26.37,0.0
5573,0.0,0.0
5576,31.64,0.0
5587,274.21000000000004,3.3
5591,142.38,3.3
5597,58.010000000000005,0.0
5598,73.82,0.66
5605,31.64,0.66
5608,5.27,0.0
5610,84.36999999999999,1.32
5612,26.37,0.0
5613,89.64999999999999,1.98
5615,47.459999999999994,0.0
5617,0.0,0.0
5619,58.0,0.66
5625,10.54,1.32
5641,250.33,1.21
5642,105.47,0.0
5677,137.09,3.3000000000000003
5688,26.37,0.0
5701,0.0,0.0
5709,68.55,0.0
5716,21.09,0.0
5720,84.37,0.66
5729,73.82,0.66
5735,158.2,1.32
5736,42.18,0.0
5768,21.08,1.98
5772,126.54999999999998,1.32
5782,110.75,1.98
5795,358.6,0.66
5797,42.18,0.0
5804,131.82999999999998,1.98
5805,42.18,0.0
5826,42.18,0.0
5828,100.19,2.64
5832,152.93,3.3000000000000003
5833,110.73,0.66
5848,84.36999999999999,1.98
5853,21.1,0.0
5874,100.2,0.66
5884,89.63999999999999,1.32
5885,100.19,0.66
5897,89.63999999999999,0.66
5907,52.730000000000004,0.66
5910,100.19999999999999,0.0
5911,195.12,1.98
5912,31.64,0.0
5914,21.09,0.0
5917,110.74,0.66
5923,21.09,0.0
5926,94.91999999999999,1.32
5937,84.36999999999999,0.66
5939,94.92,1.32
5940,21.09,0.0
5942,10.54,0.0
5943,0.0,0.0
5946,84.38,0.66
5948,42.18,0.0
5949,142.38,4.62
5961,0.0,0.0
5967,68.55,2.64
5973,36.91,0.0
5979,131.84,1.32
6003,174.02,3.96
6005,5.27,0.0
6007,10.55,0.0
6022,73.82,0.66
6024,58.010000000000005,1.98
6028,221.45,0.01
6036,152.93,3.3000000000000003
6038,105.46,1.32
6041,21.1,0.0
6042,259.1,0.01
6050,79.1,0.66
6051,31.64,0.0
6053,126.55999999999999,3.3
6059,89.63999999999999,0.66
6062,195.12,1.98
6064,36.91,0.0
6069,100.2,0.66
6070,36.91,0.0
6077,31.64,0.0
6080,321.34000000000003,0.0
6097,52.730000000000004,1.32
6104,42.18,0.0
6106,31.64,0.0
6114,21.08,1.98
6126,58.0,0.66
6135,31.64,0.0
6137,47.459999999999994,0.0
6142,79.1,0.0
6143,110.72999999999999,1.32
6157,63.28,1.98
6176,340.90999999999997,0.0
6177,36.91,0.0
6180,174.02,3.96
6181,31.64,0.0
6182,116.01999999999998,2.64
6184,68.55,0.0
6200,31.64,0.0
6203,113.28,0.33
6209,94.91999999999999,3.96
6213,31.64,0.0
6214,26.36,0.66
6217,131.84,1.32
6225,100.19999999999999,0.0
6228,15.82,0.66
6233,105.47,1.98
6238,31.64,0.0
6241,158.2,3.96
6256,94.91,1.32
6263,68.56,0.0
6265,195.12,1.98
6268,94.92,1.32
6275,302.96,5.680000000000001
6290,63.28,0.66
6298,21.08,1.98
6304,21.08,1.98
6314,100.2,1.98
6315,31.64,0.0
6318,21.09,0.0
6319,137.09,3.3000000000000003
6333,26.37,0.0
6334,116.00999999999999,1.98
6336,73.83,0.66
6340,84.37,1.98
6341,100.19,1.32
6343,94.91999999999999,1.32
6348,84.37,0.0
6353,105.47,1.98
6354,26.36,0.66
6366,31.64,0.0
6386,31.64,0.66
6396,110.74,0.66
6398,42.18,0.0
6399,448.2299999999999,0.0
6404,137.1,1.32
6407,131.82999999999998,1.98
6418,42.18,0.0
6430,21.09,0.66
6434,147.65,2.64
6435,21.09,0.0
6436,42.18,0.0
6437,5.27,0.0
6440,147.65000000000003,2.64
6454,26.37,0.0
6455,10.54,0.0
6459,52.72,3.3
6469,31.64,0.0
6472,15.82,0.0
6484,21.09,0.0
6486,36.91,0.0
6507,89.63999999999999,0.66
6508,448.2299999999999,0.0
6511,5.27,0.0
6525,94.91999999999999,0.66
6532,58.010000000000005,0.0
6533,47.459999999999994,0.0
6536,31.64,0.0
6538,73.82,1.98
6543,94.92,1.32
6546,58.010000000000005,0.0
6547,31.64,0.0
6548,142.37,4.62
6552,195.12,2.64
6559,137.1,1.98
6563,31.63,1.32
6572,58.0,0.66
6577,79.1,0.66
6580,68.55000000000001,1.98
6588,42.19,0.0
6598,26.36,0.66
6606,137.10999999999999,0.0
6610,89.64999999999999,1.98
6628,84.36999999999999,1.32
6630,116.00999999999999,1.98
6632,63.28,1.98
6635,369.51000000000005,0.05
6638,42.18,0.0
6645,228.91,0.02
6657,26.36,0.0
6659,137.1,1.98
6660,26.37,0.0
6667,10.54,0.0
6668,10.54,0.0
6669,186.11000000000004,0.0
6694,42.18,0.0
6695,10.54,0.0
6704,15.82,0.66
6707,100.19,2.64
6709,100.19,1.98
6714,371.88,0.0
6715,26.37,0.0
6716,42.18,0.0
6722,63.28,0.0
6723,68.55,0.0
6732,137.1,1.98
6735,42.18,0.0
6739,0.0,1.32
6740,68.55,0.0
6745,126.55999999999999,3.3
6748,79.10000000000001,1.32
6750,31.64,0.0
6751,94.92,1.32
6757,110.74,0.66
6761,42.18,0.0
6762,36.91,0.0
6771,26.37,0.0
6772,26.36,0.0
6779,399.71000000000004,0.27
6782,26.37,0.0
6789,26.37,0.0
6799,36.92,0.0
6809,63.28,1.32
6823,21.09,1.32
6830,79.09,0.66
6832,21.09,0.0
6836,94.91999999999999,1.32
6843,105.47,0.66
6853,84.37,1.32
6861,47.459999999999994,0.0
6872,195.12,2.64
6878,63.28,0.66
6879,221.48000000000002,1.98
6893,210.94000000000003,4.62
6895,58.010000000000005,0.0
6899,42.18,0.0
6912,31.64,0.0
6919,0.0,0.0
6933,198.09,0.16
6938,116.00999999999999,1.98
6944,10.54,0.0
6946,332.68,0.57
6949,121.28,0.66
6953,31.650000000000002,0.66
6957,36.91,0.0
6963,79.1,0.0
6964,89.63999999999999,0.66
6968,10.54,0.0
6970,163.47000000000003,3.3
6978,21.08,1.98
6987,152.93,3.3000000000000003
6996,36.92,0.66
6998,36.9,1.98
7020,100.17999999999999,0.66
7023,26.37,0.0
7035,58.010000000000005,0.0
7039,100.2,1.98
7050,84.38,0.66
7061,42.18,0.0
7070,31.64,0.0
7071,31.64,0.0
7076,47.46,1.32
7087,21.09,0.0
7090,147.66,1.98
7102,116.00999999999999,1.98
7109,31.64,0.0
7115,31.64,0.66
7118,21.09,0.66
7120,36.91,0.66
7130,121.28,1.98
7134,73.83,0.66
7137,21.09,0.66
7138,21.09,0.0
7140,163.47,5.28
7146,31.64,0.0
7151,131.82999999999998,0.0
7157,42.18,0.0
7167,84.37,0.0
7171,15.82,0.0
7175,274.21000000000004,3.3
7180,36.91,0.0
7186,42.19,0.0
7200,121.28999999999999,3.3
7201,348.05,5.28
7202,42.19,0.0
7207,52.730000000000004,1.32
7212,42.19,0.0
7217,89.63999999999999,1.98
7218,126.55999999999999,3.96
7223,47.459999999999994,0.0
7225,100.2,0.66
7228,41.93,0.0
7235,42.18,0.0
7249,0.0,0.0
7250,31.64,0.66
7253,110.74000000000001,0.66
7256,68.55,0.0
7257,73.82,0.66
7259,63.28,1.32
7260,36.91,0.0
7271,63.269999999999996,0.0
7281,26.37,0.0
7290,15.82,0.0
7306,10.54,0.0
7311,131.82999999999998,3.3000000000000003
7340,137.11,0.66
7342,84.37,0.0
7343,79.1,0.0
7353,137.11,0.66
7357,36.91,0.66
7366,79.1,0.66
7375,94.91,1.32
7380,84.37,1.98
7384,369.51000000000005,0.05
7387,340.03,0.17
7389,68.55,0.66
7390,100.2,0.66
7404,10.54,0.0
7410,0.0,0.0
7414,89.63999999999999,0.66
7416,10.54,1.32
7430,110.72999999999999,1.98
7441,0.0,0.0
7451,163.47,5.28
7453,63.28,0.66
7465,26.37,0.0
7473,42.18,0.0
7474,47.459999999999994,1.32
7478,21.09,0.0
7481,105.46,1.32
7483,131.83,1.32
7485,116.00999999999999,1.32
7488,58.010000000000005,0.0
7495,147.66,0.66
7498,47.459999999999994,0.0
7500,31.64,0.0
7504,94.91,2.64
7505,10.54,1.32
7517,26.37,0.0
7518,198.09,0.16
7524,58.0,0.66
7526,5.27,0.0
7533,31.64,0.0
7541,100.19999999999999,0.0
7542,10.54,1.32
7544,47.44999999999999,1.98
7556,26.37,0.0
7558,21.09,0.0
7561,79.1,0.66
7572,79.1,2.64
7583,89.63999999999999,1.98
7586,158.2,1.32
7589,0.0,0.0
7590,63.269999999999996,0.0
7591,79.1,0.66
7598,31.64,0.0
7604,26.37,0.0
7619,101.68,0.0
7621,196.62,0.79
7629,178.9,0.0
7631,178.9,0.0
7638,198.09,0.16
7639,274.57,0.0
7647,375.5,0.53
7653,196.26,0.0
7662,471.08,4.359999999999999
7666,249.60999999999999,1.53
7669,188.1,0.52
7672,131.4,0.0
7673,340.90999999999997,0.0
7677,375.47,6.09
7679,283.96,5.22
7683,188.1,0.52
7689,128.35,0.02
7706,72.63,0.0
7707,375.47,6.09
7708,332.68,0.57
7710,46.45,0.0
7711,89.53,0.0
7719,33.68,0.0
7725,320.09000000000003,4.26
7730,258.42999999999995,1.8800000000000001
7737,91.53,0.0
7747,178.9,0.0
7749,163.57,0.02
7750,163.57,0.02
7751,208.64000000000001,1.75
7752,304.57,4.2299999999999995
7759,302.96,5.680000000000001
7768,170.48000000000002,3.0600000000000005
7769,168.26,0.82
7784,237.3,0.0
7796,178.9,0.0
7800,302.96,5.680000000000001
7803,221.45,0.01
7818,242.68999999999997,0.6
7825,210.19000000000003,2.5300000000000002
7829,137.72,0.0
7830,237.95,0.35000000000000003
7834,349.02000000000004,0.0
7836,363.39000000000004,0.04
7843,217.76000000000002,2.5500000000000003
7848,257.81,0.48
7851,158.90000000000003,0.03
7861,340.90999999999997,0.0
7865,243.40000000000003,0.77
7866,295.28999999999996,4.1
7870,241.27999999999997,6.559999999999999
7871,243.40000000000003,0.77
7872,287.23,0.0
7875,610.57,8.5
7879,363.39000000000004,0.04
7883,308.55999999999995,6.069999999999999
7886,360.24,8.639999999999999
7891,82.71,0.0
7894,298.24999999999994,2.23
7898,114.55,0.5
7902,178.9,0.0
7904,358.15999999999997,0.12
7911,178.9,0.0
7923,523.4399999999998,5.7299999999999995
7925,638.46,3.27
7932,310.85,0.1
7934,310.85,0.1
7941,328.15,2.86
7942,208.45,0.21
7945,196.35000000000002,0.32
7948,179.64,0.0
7952,346.31,0.38
7957,225.67,0.0
7958,196.26,0.0
7973,262.95,2.6900000000000004
7974,492.36000000000007,6.17
7975,221.14000000000001,3.8
7985,278.71999999999997,1.75
7987,124.60000000000001,0.0
7994,186.11000000000004,0.0
7995,634.0900000000001,2.25
7996,369.51000000000005,0.05
7997,237.95,0.35000000000000003
8002,283.96,5.22
8004,34.199999999999996,0.0
8013,302.96,5.680000000000001
8017,380.11,0.39
8019,199.41,0.91
8021,302.29,0.0
8025,52.16,0.54
8026,105.75,0.01
8038,380.53,0.35000000000000003
8044,398.78999999999996,0.64
8049,375.5,0.53
8053,274.82,0.05
8058,246.78,0.0
8084,394.34000000000003,2.17
8086,163.57,0.02
8087,394.34000000000003,2.17
8094,175.19,0.15
8105,358.15999999999997,0.12
8106,289.95,4.4399999999999995
8107,46.45,0.0
8108,365.67,0.55
8111,179.99999999999997,0.19
8115,278.91,0.71
8116,302.29,0.0
8124,274.57,0.0
8136,227.02,2.12
8140,87.3,0.15
8142,215.02999999999997,2.59
8150,283.96,5.22
8151,380.11,0.39
8153,286.69,0.54
8154,349.02000000000004,0.0
8164,244.96,0.8400000000000001
8166,119.82000000000001,1.14
8168,310.85,0.1
8169,105.34,0.0
8171,338.96000000000004,0.48
8176,132.21,0.0
8180,399.71000000000004,0.27
8181,321.34000000000003,0.0
8188,46.45,0.0
8212,349.02000000000004,0.0
8237,236.98999999999998,1.9200000000000002
8238,321.34000000000003,0.0
8251,158.97,0.8300000000000001
8252,247.49,1.1
8256,369.51000000000005,0.05
8258,302.29,0.0
8259,283.63,4.109999999999999
8261,213.98999999999998,1.92
8263,754.67,3.55
8264,338.13,6.19
8272,377.26,4.02
8280,340.90999999999997,0.0
8288,246.78,0.0
8295,287.23,0.0
8304,287.78,2.71
8311,254.69000000000003,0.1
8314,754.67,3.55
8329,273.5,1.6600000000000001
8340,380.53,0.35000000000000003
8341,143.79000000000002,0.01
8342,188.18,1.03
8343,170.48000000000002,3.0600000000000005
8344,369.51000000000005,0.05
8347,196.26,0.0
8350,321.34000000000003,0.0
8356,246.78,0.0
8375,369.51000000000005,0.05
8379,199.41,0.91
8385,273.5,1.6600000000000001
8390,163.0,3.53
8391,173.68,1.22
8392,263.55,0.24000000000000002
8399,202.49,0.0
8421,379.38,0.78
8425,109.41,0.15
8429,379.44,0.0
8442,529.8900000000001,3.8200000000000003
8444,178.9,0.0
8448,369.51000000000005,0.05
8458,369.51000000000005,0.05
8468,321.34000000000003,0.0
8469,380.53,0.35000000000000003
8473,196.35000000000002,0.32
8474,399.71000000000004,0.27
8478,358.15999999999997,0.12
8495,358.15999999999997,0.12
8498,79.81,0.71
8508,466.92,13.6
8520,172.62,1.59
8525,332.68,0.57
8528,87.3,0.15
8530,46.45,0.0
8532,36.74999999999999,0.0
8536,218.45,0.13
8544,320.15000000000003,0.1
8549,36.74999999999999,0.0
8554,206.80999999999997,2.53
8557,283.63,4.109999999999999
8563,243.40000000000003,0.77
8571,241.27999999999997,6.559999999999999
8572,723.94,3.8
8575,321.34000000000003,0.0
8578,272.79,1.24
8580,212.29999999999998,1.75
8581,245.31,2.02
8590,213.11,0.03
8591,225.67,0.0
8593,363.39000000000004,0.04
8619,380.11,0.39
8620,317.62,2.76
8625,380.11,0.39
8628,340.03,0.17
8629,218.21,0.0
8635,380.11,0.39
8636,380.11,0.39
8640,353.84,7.609999999999999
8652,178.9,0.0
8688,238.07999999999998,0.0
8689,87.3,0.15
8701,287.23,0.0
8705,248.22,4.32
8710,248.22,4.32
8711,332.68,0.57
8717,249.60999999999999,1.53
8724,233.14999999999998,0.11
8733,292.38999999999993,2.91
8757,276.55,1.2100000000000002
8786,248.22,4.32
8793,137.72,0.0
8797,236.98999999999998,1.9200000000000002
8799,277.62,1.44
8812,529.8900000000001,3.8200000000000003
8830,349.02000000000004,0.0
8836,228.9,0.0
8852,399.71000000000004,0.27
8865,631.6800000000001,14.620000000000001
8887,283.96,5.22
8888,347.66,9.379999999999999
8899,398.78999999999996,0.64
8901,369.51000000000005,0.05
8908,380.11,0.39
8912,363.39000000000004,0.04
8923,349.02000000000004,0.0
8929,283.93,3.3200000000000003
8966,257.84,2.06
8976,363.39000000000004,0.04
8978,321.34000000000003,0.0
8988,113.28,0.33
8998,332.68,0.57
9005,365.67,0.55
9012,380.11,0.39
9015,302.29,0.0
9017,321.34000000000003,0.0
9021,302.29,0.0
9022,215.90000000000003,0.0
9023,202.49,0.0
9025,313.4,7.1899999999999995
9039,365.67,0.55
9049,249.60999999999999,1.53
9068,158.90000000000003,0.03
9089,276.95,2.46
9090,355.80999999999995,4.18
9094,287.78,2.71
9095,276.95,2.46
9115,249.6,1.4200000000000002
9135,369.51000000000005,0.05
9144,369.51000000000005,0.05
9146,394.34000000000003,2.17
9159,105.75,0.01
9163,201.37,1.83
9164,340.0,6.929999999999999
9171,287.78,2.71
9172,320.09000000000003,4.26
9174,188.01,3.11
9177,201.37,1.83
9181,273.5,1.6600000000000001
9184,320.15000000000003,0.1
9197,492.36000000000007,6.17
9198,172.62,1.59
9205,33.68,0.0
9208,283.98999999999995,1.9400000000000002
9210,201.37,1.83
9219,199.41,0.91
9220,311.27,4.39
9224,212.19,2.19
9229,218.73000000000002,0.72
9254,33.68,0.0
9257,249.98999999999998,1.11
9259,298.24999999999994,2.23
9262,452.19,7.67
9267,87.27,0.54
9275,363.39000000000004,0.04
9279,87.3,0.15
9297,308.55999999999995,6.069999999999999
9299,375.47,6.09
9308,278.91,0.71
9321,314.21,4.0200000000000005
9332,217.95,0.6900000000000001
9342,196.26,0.0
9344,125.06,1.56
9354,332.68,0.57
9356,219.41,0.17
9366,93.63,0.0
9377,249.60999999999999,1.53
9380,348.55,4.15
9382,311.27,4.39
9383,156.77,0.0
9385,321.34000000000003,0.0
9389,190.34,0.30000000000000004
9394,349.02000000000004,0.0
9395,369.51000000000005,0.05
9398,420.65,2.64
9400,125.06,1.56
9401,358.15999999999997,0.12
9407,87.3,0.15
9412,200.24,0.0
9418,237.3,0.0
9429,371.88,0.0
9436,340.03,0.17
9438,248.22,4.32
9442,332.68,0.57
9445,241.54999999999998,6.050000000000001
9446,217.76000000000002,2.5500000000000003
9453,302.29,0.0
9454,105.75,0.01
9457,380.11,0.39
9475,365.67,0.55
9478,375.5,0.53
9504,338.13,6.19
9505,403.18999999999994,4.3100000000000005
9508,310.85,0.1
9510,46.45,0.0
9512,251.35999999999999,1.83
9513,168.26,0.82
9520,348.10999999999996,0.47000000000000003
9524,370.39000000000004,0.06
9525,302.96,5.680000000000001
9528,246.78,0.0
9529,420.65,2.64
9531,380.11,0.39
9532,380.11,0.39
9533,380.11,0.39
9539,338.96000000000004,0.48
9547,380.11,0.39
9548,380.11,0.39
9549,380.11,0.39
9551,369.51000000000005,0.05
9553,175.19,0.15
9557,365.67,0.55
9560,287.54,2.7600000000000002
9561,247.54000000000002,2.31
9562,162.4,2.05
9566,115.6,0.6000000000000001
9569,269.9,0.0
9574,252.95,1.75
9577,283.63,4.109999999999999
9579,235.45,2.21
9580,178.20000000000002,0.73
9582,348.10999999999996,0.47000000000000003
9584,251.35999999999999,1.83
9585,172.62,1.59
9598,252.95,1.75
9607,321.34000000000003,0.0
9613,250.33,1.21
9615,352.63,3.0
9622,212.19,2.19
9624,394.34000000000003,2.17
9625,394.34000000000003,2.17
9626,348.10999999999996,0.47000000000000003
9627,245.32999999999998,0.63
9628,348.10999999999996,0.47000000000000003
9630,218.73000000000002,0.72
9633,105.34,0.0
9651,346.31,0.38
9653,242.68999999999997,0.6
9654,283.96,5.22
9661,251.35999999999999,1.83
9664,375.5,0.53
9668,247.17000000000002,3.9499999999999997
9669,243.40000000000003,0.77
9672,251.35999999999999,1.83
9677,175.19,0.15
9690,348.10999999999996,0.47000000000000003
9695,94.5,0.0
9698,358.15999999999997,0.12
9699,379.44,0.0
9700,420.65,2.64
9701,224.51,1.24
9703,245.32999999999998,0.63
9705,218.07,2.0
9706,124.27,2.23
9707,284.05,1.1300000000000001
9708,227.89999999999998,0.8
9709,346.31,0.38
9714,327.84000000000003,2.52
9715,308.55999999999995,6.069999999999999
9717,251.35999999999999,1.83
9719,213.11,0.03
9723,300.95000000000005,0.58
9724,224.51,1.24
9725,277.88000000000005,0.05
9732,245.32999999999998,0.63
9733,420.65,2.64
9735,485.04999999999995,1.3800000000000001
9742,375.47,6.09
9743,420.65,2.64
9745,276.55,1.2100000000000002
9746,210.89999999999998,0.64
9747,196.62,0.79
9748,210.89999999999998,0.64
9750,257.84,2.06
9752,340.90999999999997,0.0
9758,290.74,3.81
9768,221.14000000000001,3.8
9774,208.64000000000001,1.75
9792,230.32999999999998,5.52
9794,204.29,0.9400000000000001
9796,178.9,0.0
9801,266.47999999999996,1.55
9809,221.14000000000001,3.8
9818,249.60999999999999,1.53
9819,283.96,5.22
9826,178.9,0.0
9827,137.70999999999998,0.02
9846,310.85,0.1
9855,213.11,0.03
9863,186.01,0.32
9866,377.26,4.02
9880,466.92,13.6
9886,93.63,0.0
9894,283.98999999999995,1.9400000000000002
9914,466.92,13.6
9918,283.96,5.22
9921,196.35000000000002,0.32
9930,283.96,5.22
9937,128.35,0.02
9939,248.22,4.32
9944,249.6,1.4200000000000002
9954,631.6800000000001,14.620000000000001
9959,343.56000000000006,0.05
9960,283.98999999999995,1.9400000000000002
9974,321.34000000000003,0.0
9983,113.45,0.07
9990,343.56000000000006,0.05
9991,365.67,0.55
9998,372.31999999999994,5.81
10004,233.14999999999998,0.11
10007,363.39000000000004,0.04
10009,369.51000000000005,0.05
10023,631.6800000000001,14.620000000000001
10039,466.92,13.6
10047,274.57,0.0
10051,252.95,1.75
10060,316.53000000000003,0.08
10062,79.81,0.71
10063,250.33,1.21
10069,223.11,2.73
10073,321.34000000000003,0.0
10077,321.34000000000003,0.0
10080,340.90999999999997,0.0
10081,79.81,0.71
10084,79.81,0.71
10094,398.78999999999996,0.64
10098,492.36000000000007,6.17
10101,349.02000000000004,0.0
10105,398.78999999999996,0.64
10106,285.66999999999996,4.2299999999999995
10107,523.4399999999998,5.7299999999999995
10110,403.18999999999994,4.3100000000000005
10112,246.78,0.0
10114,452.19,7.67
10117,196.62,0.79
10119,370.39000000000004,0.06
10121,380.53,0.35000000000000003
10122,205.21,1.35
10128,340.90999999999997,0.0
10129,399.71000000000004,0.27
10134,201.37,1.83
10138,246.78,0.0
10140,321.34000000000003,0.0
10142,349.02000000000004,0.0
10146,380.53,0.35000000000000003
10154,340.90999999999997,0.0
10155,340.90999999999997,0.0
10162,257.81,0.48
10163,348.10999999999996,0.47000000000000003
10165,452.19,7.67
10166,257.81,0.48
10179,201.37,1.83
10190,247.46999999999997,2.07
10191,452.19,7.67
10192,435.67,7.960000000000001
10198,253.59,2.62
10201,355.80999999999995,4.18
10216,161.57,2.83
10217,420.65,2.64
10218,523.4399999999998,5.7299999999999995
10220,380.11,0.39
10221,196.62,0.79
10225,142.71,2.1799999999999997
10226,452.19,7.67
10229,232.23,2.19
10241,259.61,3.02
10242,180.6,1.12
10254,727.4399999999998,0.0
10266,215.90000000000003,0.0
10294,143.79000000000002,0.01
10327,204.93,3.0999999999999996
10336,492.36000000000007,6.17
10337,272.79,1.24
10341,466.92,13.6
10364,276.95,2.46
10365,230.32999999999998,5.52
10415,283.96,5.22
10420,346.31,0.38
10440,134.27,2.5199999999999996
10446,348.55,4.15
10448,375.5,0.53
10450,370.28999999999996,3.9000000000000004
10453,245.31,2.02
10454,375.5,0.53
10455,219.41,0.17
10457,399.71000000000004,0.27
10458,321.34000000000003,0.0
10465,294.40999999999997,4.09
10481,172.62,1.59
10488,348.10999999999996,0.47000000000000003
10500,340.0,6.929999999999999
10502,137.72,0.0
10506,253.25000000000003,0.0
10508,217.76000000000002,2.5500000000000003
10509,153.81,1.1
10510,251.35999999999999,1.83
10516,240.48000000000002,3.59
10517,164.54000000000002,1.07
10519,452.19,7.67
10521,399.71000000000004,0.27
10523,250.33,1.21
10524,263.55,0.24000000000000002
10525,278.71999999999997,1.75
10526,321.34000000000003,0.0
10528,215.90000000000003,0.0
10534,237.77999999999997,0.32
10542,186.01,0.32
10543,186.01,0.32
10547,137.70999999999998,0.02
10549,378.86999999999995,12.500000000000002
10564,340.90999999999997,0.0
10569,549.0600000000001,9.33
10573,287.78,2.71
10576,332.68,0.57
10592,185.90999999999997,0.17
10593,251.35999999999999,1.83
10602,340.90999999999997,0.0
10603,321.34000000000003,0.0
10608,128.35,0.02
10609,371.88,0.0
10619,372.31999999999994,5.81
10621,253.59,2.62
10624,403.18999999999994,4.3100000000000005
10625,249.60999999999999,1.53
10626,175.19,0.15
10630,338.96000000000004,0.48
10631,248.22,4.32
10634,184.43000000000004,0.0
10641,290.22999999999996,0.74
10644,172.62,1.59
10649,332.68,0.57
10653,172.62,1.59
10661,172.62,1.59
10682,213.11,0.03
10684,283.96,5.22
10687,226.98,0.1
10693,340.90999999999997,0.0
10698,248.22,4.32
10710,135.36999999999998,1.91
10716,68.03,0.0
10739,124.27,2.23
10758,306.87,2.6999999999999997
10762,671.26,13.450000000000001
10765,459.72,13.969999999999999
10778,203.58,1.42
10790,378.86999999999995,12.500000000000002
10832,149.02,0.13
10842,224.51,1.24
10848,349.11,3.2299999999999995
10851,245.32999999999998,0.63
10856,275.59,5.39
10862,380.11,0.39
10863,420.65,2.64
10867,328.15,2.86
10887,227.89999999999998,0.8
10888,283.93,3.3200000000000003
10902,170.17,1.32
10922,79.81,0.71
10924,283.93,3.3200000000000003
10927,227.89999999999998,0.8
10932,523.4399999999998,5.7299999999999995
10936,237.59,4.449999999999999
10964,124.60000000000001,0.0
10973,249.6,1.4200000000000002
10989,124.22,1.81
11008,466.92,13.6
11031,188.1,0.52
11032,249.60999999999999,1.53
11033,250.33,1.21
11105,322.09999999999997,2.44
11114,201.37,1.83
11121,265.97999999999996,9.34
11144,68.03,0.0
11151,212.19,2.19
11162,248.22,4.32
11181,631.6800000000001,14.620000000000001
11197,471.08,4.359999999999999
11239,284.05,1.1300000000000001
11266,311.27,4.39
11271,236.55,3.58
11302,403.18999999999994,4.3100000000000005
11317,352.63,3.0
11325,163.86,2.28
11335,144.4,1.77
11339,257.81,0.48
11355,230.32999999999998,5.52
11398,327.84000000000003,2.52
11407,142.36,0.97
11427,275.59,5.39
11432,237.59,4.449999999999999
11442,272.79,1.24
11455,252.83000000000004,0.0
11484,378.86999999999995,12.500000000000002
11489,265.97999999999996,9.34
11494,285.66999999999996,4.2299999999999995
11496,277.62,1.44
11509,212.19,2.19
11524,471.08,4.359999999999999
11527,529.8900000000001,3.8200000000000003
11528,228.11,1.4999999999999998
11531,360.24,8.639999999999999
11539,523.4399999999998,5.7299999999999995
11567,523.4399999999998,5.7299999999999995
11586,186.11000000000004,0.0
11605,377.26,4.02
11616,353.84,7.609999999999999
11631,320.09000000000003,4.26
11632,213.11,0.03
11636,519.62,8.21
11640,218.49,1.6600000000000001
11641,208.64000000000001,1.75
11642,210.19000000000003,2.5300000000000002
11645,314.75,5.71
11646,321.34000000000003,0.0
11660,212.23,2.01
11668,638.46,3.27
11680,754.67,3.55
11704,236.98999999999998,1.9200000000000002
11705,236.98999999999998,1.9200000000000002
11709,372.31999999999994,5.81
11725,372.31999999999994,5.81
11733,365.67,0.55
11758,276.95,2.46
11782,471.08,4.359999999999999
11784,529.8900000000001,3.8200000000000003
11815,353.84,7.609999999999999
11820,287.78,2.71
11823,212.29999999999998,1.75
11825,183.56,1.1600000000000001
11826,375.5,0.53
11828,380.53,0.35000000000000003
11829,420.65,2.64
11834,283.96,5.22
11837,222.38,2.04
11838,163.86,2.28
11841,281.94,1.1300000000000001
11844,212.29999999999998,1.75
11847,222.38,2.04
11853,233.35999999999999,2.1799999999999997
11855,283.96,5.22
11864,290.74,3.81
11865,372.31999999999994,5.81
11867,372.31999999999994,5.81
11870,283.63,4.109999999999999
11876,149.92000000000002,2.5300000000000002
11879,278.71999999999997,1.75
11880,610.57,8.5
11882,277.62,1.44
11884,254.69000000000003,0.1
11891,93.63,0.0
11892,197.6,0.69
11893,351.34000000000003,3.8699999999999997
11897,285.66999999999996,4.2299999999999995
11899,519.62,8.21
11914,459.72,13.969999999999999
11917,466.92,13.6
11918,202.49,0.0
11921,310.85,0.1
11931,267.62,1.69
11932,218.73000000000002,0.72
11942,754.67,3.55
11950,218.07,2.0
11954,294.40999999999997,4.09
11956,302.96,5.680000000000001
11957,349.11,3.2299999999999995
11965,523.4399999999998,5.7299999999999995
11974,161.57,2.83
11976,278.91,0.71
11992,245.31,2.02
12000,230.32999999999998,5.52
12001,240.48000000000002,3.59
12003,204.93,3.0999999999999996
12032,294.40999999999997,4.09
12043,349.11,3.2299999999999995
12060,165.67,0.22
12066,265.97999999999996,9.34
12073,272.79,1.24
12076,250.33,1.21
12099,218.07,2.0
12102,375.5,0.53
12106,188.18,1.03
12109,188.18,1.03
12115,369.51000000000005,0.05
12116,192.32999999999998,4.36
12127,283.96,5.22
12143,331.26,0.53
12147,213.11,0.03
12156,213.11,0.03
12160,213.11,0.03
12164,314.13000000000005,5.45
12218,186.11000000000004,0.0
12225,156.73,0.06
12228,332.68,0.57
12245,64.12,0.71
12306,492.36000000000007,6.17
12319,492.36000000000007,6.17
12336,283.93,3.3200000000000003
12352,283.93,3.3200000000000003
12354,249.6,1.4200000000000002
12376,353.84,7.609999999999999
12387,143.79000000000002,0.01
12398,257.84,2.06
12400,257.84,2.06
12404,164.40999999999997,0.0
12410,320.09000000000003,4.26
12412,287.23,0.0
12416,143.79000000000002,0.01
12418,317.62,2.76
12419,217.76000000000002,2.5500000000000003
12420,302.96,5.680000000000001
12421,638.46,3.27
12426,283.93,3.3200000000000003
12447,115.19999999999999,2.15
12448,420.65,2.64
12451,68.03,0.0
12453,302.96,5.680000000000001
12454,213.11,0.03
12460,128.35,0.02
12461,163.86,2.28
12464,222.38,2.04
12497,277.62,1.44
12515,277.62,1.44
12521,283.93,3.3200000000000003
12523,159.77,1.05
12534,219.68000000000004,4.199999999999999
12540,492.50000000000006,5.79
12565,265.97999999999996,9.34
12571,265.97999999999996,9.34
12572,265.97999999999996,9.34
12581,311.27,4.39
12583,287.78,2.71
12594,223.40000000000003,0.8600000000000001
12600,178.9,0.0
12605,352.13,2.6399999999999997
12611,237.77999999999997,0.32
12650,178.31,1.73
12651,267.62,1.69
12655,300.95000000000005,0.58
12657,227.19,1.89
12658,314.13000000000005,5.45
12665,360.24,8.639999999999999
12669,638.46,3.27
12680,310.85,0.1
12682,218.66000000000003,2.71
12692,425.59000000000003,15.86
12696,91.35000000000001,0.0
12697,308.55999999999995,6.069999999999999
12698,247.46999999999997,2.07
12709,119.82000000000001,1.14
12749,46.02,0.0
12760,671.26,13.450000000000001
12785,161.57,2.83
12786,308.55999999999995,6.069999999999999
12835,183.84,3.17
12846,347.66,9.379999999999999
12851,631.6800000000001,14.620000000000001
12860,46.02,0.0
12884,225.67,0.0
12896,237.95,0.35000000000000003
12910,230.32999999999998,5.52
12911,671.26,13.450000000000001
12917,131.4,0.0
12965,286.69,0.54
12966,41.93,0.0
13011,199.41,0.91
13028,82.71,0.0
13031,196.26,0.0
13039,363.78000000000003,0.0
13044,267.03999999999996,2.7600000000000002
13049,259.61,3.02
13050,331.26,0.53
13059,420.65,2.64
13061,158.90000000000003,0.03
13087,36.74999999999999,0.0
13093,370.39000000000004,0.06
13110,41.93,0.0
13119,222.38,2.04
13121,317.62,2.76
13122,258.42999999999995,1.8800000000000001
13143,257.81,0.48
13162,340.03,0.17
13165,358.15999999999997,0.12
